Year Week,Week,destination_state,Index YOY Change-Booking-Hotel
"Jan 6, 2020 to Jan 12, 2020 (Week 2)",1/6/2020,Connecticut,-0.013636892
"Jan 6, 2020 to Jan 12, 2020 (Week 2)",1/6/2020,Georgia,-0.00783651
"Jan 6, 2020 to Jan 12, 2020 (Week 2)",1/6/2020,Delaware,-0.000715839
"Jan 6, 2020 to Jan 12, 2020 (Week 2)",1/6/2020,Florida,-0.002423378
"Jan 6, 2020 to Jan 12, 2020 (Week 2)",1/6/2020,Colorado,-0.005690552
"Jan 6, 2020 to Jan 12, 2020 (Week 2)",1/6/2020,Alabama,-0.013909352
"Jan 6, 2020 to Jan 12, 2020 (Week 2)",1/6/2020,Alaska,0.004749689
"Jan 6, 2020 to Jan 12, 2020 (Week 2)",1/6/2020,California,0.0023571
"Jan 6, 2020 to Jan 12, 2020 (Week 2)",1/6/2020,Arizona,0.002013181
"Jan 6, 2020 to Jan 12, 2020 (Week 2)",1/6/2020,Arkansas,-0.01339889
"Jan 13, 2020 to Jan 19, 2020 (Week 3)",1/13/2020,Florida,0.089267613
"Jan 13, 2020 to Jan 19, 2020 (Week 3)",1/13/2020,Alabama,0.105538691
"Jan 13, 2020 to Jan 19, 2020 (Week 3)",1/13/2020,California,0.068742298
"Jan 13, 2020 to Jan 19, 2020 (Week 3)",1/13/2020,Georgia,0.086182635
"Jan 13, 2020 to Jan 19, 2020 (Week 3)",1/13/2020,Arkansas,0.12052768
"Jan 13, 2020 to Jan 19, 2020 (Week 3)",1/13/2020,Arizona,0.095109364
"Jan 13, 2020 to Jan 19, 2020 (Week 3)",1/13/2020,Colorado,0.105275571
"Jan 13, 2020 to Jan 19, 2020 (Week 3)",1/13/2020,Connecticut,0.044799659
"Jan 13, 2020 to Jan 19, 2020 (Week 3)",1/13/2020,Alaska,-0.01122798
"Jan 13, 2020 to Jan 19, 2020 (Week 3)",1/13/2020,Delaware,0.097635191
"Jan 20, 2020 to Jan 26, 2020 (Week 4)",1/20/2020,Alabama,0.002668425
"Jan 20, 2020 to Jan 26, 2020 (Week 4)",1/20/2020,Colorado,0.021457203
"Jan 20, 2020 to Jan 26, 2020 (Week 4)",1/20/2020,Florida,0.058366842
"Jan 20, 2020 to Jan 26, 2020 (Week 4)",1/20/2020,Delaware,-0.101917442
"Jan 20, 2020 to Jan 26, 2020 (Week 4)",1/20/2020,Arizona,0.090794453
"Jan 20, 2020 to Jan 26, 2020 (Week 4)",1/20/2020,Connecticut,0.047197104
"Jan 20, 2020 to Jan 26, 2020 (Week 4)",1/20/2020,Arkansas,0.074762528
"Jan 20, 2020 to Jan 26, 2020 (Week 4)",1/20/2020,Georgia,0.024657484
"Jan 20, 2020 to Jan 26, 2020 (Week 4)",1/20/2020,Alaska,-0.042127995
"Jan 20, 2020 to Jan 26, 2020 (Week 4)",1/20/2020,California,0.03242166
"Jan 27, 2020 to Feb 2, 2020 (Week 5)",1/27/2020,California,0.000194505
"Jan 27, 2020 to Feb 2, 2020 (Week 5)",1/27/2020,Florida,0.038420523
"Jan 27, 2020 to Feb 2, 2020 (Week 5)",1/27/2020,Georgia,0.053540741
"Jan 27, 2020 to Feb 2, 2020 (Week 5)",1/27/2020,Connecticut,-0.002678865
"Jan 27, 2020 to Feb 2, 2020 (Week 5)",1/27/2020,Delaware,-0.132469681
"Jan 27, 2020 to Feb 2, 2020 (Week 5)",1/27/2020,Alabama,0.016293463
"Jan 27, 2020 to Feb 2, 2020 (Week 5)",1/27/2020,Alaska,-0.123210758
"Jan 27, 2020 to Feb 2, 2020 (Week 5)",1/27/2020,Arkansas,-0.04707887
"Jan 27, 2020 to Feb 2, 2020 (Week 5)",1/27/2020,Arizona,-0.002090783
"Jan 27, 2020 to Feb 2, 2020 (Week 5)",1/27/2020,Colorado,0.038752913
"Feb 3, 2020 to Feb 9, 2020 (Week 6)",2/3/2020,Alaska,-0.010679379
"Feb 3, 2020 to Feb 9, 2020 (Week 6)",2/3/2020,Delaware,0.048929517
"Feb 3, 2020 to Feb 9, 2020 (Week 6)",2/3/2020,Alabama,0.032184117
"Feb 3, 2020 to Feb 9, 2020 (Week 6)",2/3/2020,Florida,0.03482118
"Feb 3, 2020 to Feb 9, 2020 (Week 6)",2/3/2020,Arkansas,0.040424266
"Feb 3, 2020 to Feb 9, 2020 (Week 6)",2/3/2020,California,0.053755761
"Feb 3, 2020 to Feb 9, 2020 (Week 6)",2/3/2020,Connecticut,0.01802889
"Feb 3, 2020 to Feb 9, 2020 (Week 6)",2/3/2020,Georgia,0.046224578
"Feb 3, 2020 to Feb 9, 2020 (Week 6)",2/3/2020,Arizona,0.08489148
"Feb 3, 2020 to Feb 9, 2020 (Week 6)",2/3/2020,Colorado,0.065032384
"Feb 10, 2020 to Feb 16, 2020 (Week 7)",2/10/2020,Arkansas,0.04098469
"Feb 10, 2020 to Feb 16, 2020 (Week 7)",2/10/2020,California,0.076423676
"Feb 10, 2020 to Feb 16, 2020 (Week 7)",2/10/2020,Alabama,0.118444884
"Feb 10, 2020 to Feb 16, 2020 (Week 7)",2/10/2020,Colorado,0.088986426
"Feb 10, 2020 to Feb 16, 2020 (Week 7)",2/10/2020,Delaware,0.102160551
"Feb 10, 2020 to Feb 16, 2020 (Week 7)",2/10/2020,Connecticut,0.009550511
"Feb 10, 2020 to Feb 16, 2020 (Week 7)",2/10/2020,Alaska,0.228657219
"Feb 10, 2020 to Feb 16, 2020 (Week 7)",2/10/2020,Georgia,0.066944878
"Feb 10, 2020 to Feb 16, 2020 (Week 7)",2/10/2020,Florida,0.052576049
"Feb 10, 2020 to Feb 16, 2020 (Week 7)",2/10/2020,Arizona,0.109619613
"Feb 17, 2020 to Feb 23, 2020 (Week 8)",2/17/2020,Alaska,-0.061817423
"Feb 17, 2020 to Feb 23, 2020 (Week 8)",2/17/2020,California,0.059513973
"Feb 17, 2020 to Feb 23, 2020 (Week 8)",2/17/2020,Delaware,-0.059742075
"Feb 17, 2020 to Feb 23, 2020 (Week 8)",2/17/2020,Florida,0.028800409
"Feb 17, 2020 to Feb 23, 2020 (Week 8)",2/17/2020,Connecticut,0.116898526
"Feb 17, 2020 to Feb 23, 2020 (Week 8)",2/17/2020,Georgia,0.062963728
"Feb 17, 2020 to Feb 23, 2020 (Week 8)",2/17/2020,Colorado,0.048630955
"Feb 17, 2020 to Feb 23, 2020 (Week 8)",2/17/2020,Alabama,0.043193639
"Feb 17, 2020 to Feb 23, 2020 (Week 8)",2/17/2020,Arkansas,0.044861738
"Feb 17, 2020 to Feb 23, 2020 (Week 8)",2/17/2020,Arizona,0.145076293
"Feb 24, 2020 to Mar 1, 2020 (Week 9)",2/24/2020,California,-0.023304106
"Feb 24, 2020 to Mar 1, 2020 (Week 9)",2/24/2020,Delaware,-0.181500441
"Feb 24, 2020 to Mar 1, 2020 (Week 9)",2/24/2020,Alabama,0.025180418
"Feb 24, 2020 to Mar 1, 2020 (Week 9)",2/24/2020,Alaska,-0.048677617
"Feb 24, 2020 to Mar 1, 2020 (Week 9)",2/24/2020,Connecticut,-0.047004584
"Feb 24, 2020 to Mar 1, 2020 (Week 9)",2/24/2020,Arkansas,0.007390175
"Feb 24, 2020 to Mar 1, 2020 (Week 9)",2/24/2020,Georgia,0.010878686
"Feb 24, 2020 to Mar 1, 2020 (Week 9)",2/24/2020,Florida,-0.021683118
"Feb 24, 2020 to Mar 1, 2020 (Week 9)",2/24/2020,Arizona,0.041169823
"Feb 24, 2020 to Mar 1, 2020 (Week 9)",2/24/2020,Colorado,-0.027451907
"Mar 2, 2020 to Mar 8, 2020 (Week 10)",3/2/2020,Alaska,-0.231332922
"Mar 2, 2020 to Mar 8, 2020 (Week 10)",3/2/2020,Connecticut,-0.178888874
"Mar 2, 2020 to Mar 8, 2020 (Week 10)",3/2/2020,Delaware,-0.149166662
"Mar 2, 2020 to Mar 8, 2020 (Week 10)",3/2/2020,Arkansas,-0.086055646
"Mar 2, 2020 to Mar 8, 2020 (Week 10)",3/2/2020,Arizona,0.05419911
"Mar 2, 2020 to Mar 8, 2020 (Week 10)",3/2/2020,Florida,-0.092618012
"Mar 2, 2020 to Mar 8, 2020 (Week 10)",3/2/2020,California,-0.158066935
"Mar 2, 2020 to Mar 8, 2020 (Week 10)",3/2/2020,Alabama,0.033838551
"Mar 2, 2020 to Mar 8, 2020 (Week 10)",3/2/2020,Georgia,-0.056507109
"Mar 2, 2020 to Mar 8, 2020 (Week 10)",3/2/2020,Colorado,-0.114602829
"Mar 9, 2020 to Mar 15, 2020 (Week 11)",3/9/2020,Alaska,-0.58010596
"Mar 9, 2020 to Mar 15, 2020 (Week 11)",3/9/2020,Georgia,-0.332905082
"Mar 9, 2020 to Mar 15, 2020 (Week 11)",3/9/2020,Florida,-0.271718353
"Mar 9, 2020 to Mar 15, 2020 (Week 11)",3/9/2020,Delaware,-0.525097795
"Mar 9, 2020 to Mar 15, 2020 (Week 11)",3/9/2020,Connecticut,-0.558929322
"Mar 9, 2020 to Mar 15, 2020 (Week 11)",3/9/2020,Arizona,-0.218080614
"Mar 9, 2020 to Mar 15, 2020 (Week 11)",3/9/2020,Colorado,-0.415216147
"Mar 9, 2020 to Mar 15, 2020 (Week 11)",3/9/2020,Alabama,-0.230471873
"Mar 9, 2020 to Mar 15, 2020 (Week 11)",3/9/2020,California,-0.384343559
"Mar 9, 2020 to Mar 15, 2020 (Week 11)",3/9/2020,Arkansas,-0.48595143
"Mar 16, 2020 to Mar 22, 2020 (Week 12)",3/16/2020,Connecticut,-1.008404107
"Mar 16, 2020 to Mar 22, 2020 (Week 12)",3/16/2020,Arkansas,-1.000090243
"Mar 16, 2020 to Mar 22, 2020 (Week 12)",3/16/2020,Georgia,-0.759913021
"Mar 16, 2020 to Mar 22, 2020 (Week 12)",3/16/2020,California,-0.79818285
"Mar 16, 2020 to Mar 22, 2020 (Week 12)",3/16/2020,Delaware,-1.032377383
"Mar 16, 2020 to Mar 22, 2020 (Week 12)",3/16/2020,Colorado,-0.85483368
"Mar 16, 2020 to Mar 22, 2020 (Week 12)",3/16/2020,Alaska,-1.094125455
"Mar 16, 2020 to Mar 22, 2020 (Week 12)",3/16/2020,Florida,-0.736533793
"Mar 16, 2020 to Mar 22, 2020 (Week 12)",3/16/2020,Arizona,-0.705188303
"Mar 16, 2020 to Mar 22, 2020 (Week 12)",3/16/2020,Alabama,-0.739005811
"Mar 23, 2020 to Mar 29, 2020 (Week 13)",3/23/2020,Florida,-0.821223407
"Mar 23, 2020 to Mar 29, 2020 (Week 13)",3/23/2020,California,-0.841213713
"Mar 23, 2020 to Mar 29, 2020 (Week 13)",3/23/2020,Connecticut,-1.059600152
"Mar 23, 2020 to Mar 29, 2020 (Week 13)",3/23/2020,Colorado,-0.942376968
"Mar 23, 2020 to Mar 29, 2020 (Week 13)",3/23/2020,Georgia,-0.886116863
"Mar 23, 2020 to Mar 29, 2020 (Week 13)",3/23/2020,Alabama,-0.856836009
"Mar 23, 2020 to Mar 29, 2020 (Week 13)",3/23/2020,Delaware,-1.076489033
"Mar 23, 2020 to Mar 29, 2020 (Week 13)",3/23/2020,Arizona,-0.797210284
"Mar 23, 2020 to Mar 29, 2020 (Week 13)",3/23/2020,Arkansas,-1.105689305
"Mar 23, 2020 to Mar 29, 2020 (Week 13)",3/23/2020,Alaska,-1.194122253
"Mar 30, 2020 to Apr 5, 2020 (Week 14)",3/30/2020,Georgia,-0.896508583
"Mar 30, 2020 to Apr 5, 2020 (Week 14)",3/30/2020,California,-0.82201748
"Mar 30, 2020 to Apr 5, 2020 (Week 14)",3/30/2020,Delaware,-1.064205504
"Mar 30, 2020 to Apr 5, 2020 (Week 14)",3/30/2020,Connecticut,-1.072419629
"Mar 30, 2020 to Apr 5, 2020 (Week 14)",3/30/2020,Arkansas,-1.136645976
"Mar 30, 2020 to Apr 5, 2020 (Week 14)",3/30/2020,Colorado,-0.961963861
"Mar 30, 2020 to Apr 5, 2020 (Week 14)",3/30/2020,Alaska,-1.198014554
"Mar 30, 2020 to Apr 5, 2020 (Week 14)",3/30/2020,Florida,-0.838115367
"Mar 30, 2020 to Apr 5, 2020 (Week 14)",3/30/2020,Alabama,-0.886419558
"Mar 30, 2020 to Apr 5, 2020 (Week 14)",3/30/2020,Arizona,-0.823312882
"Apr 6, 2020 to Apr 12, 2020 (Week 15)",4/6/2020,Alabama,-0.884154118
"Apr 6, 2020 to Apr 12, 2020 (Week 15)",4/6/2020,Georgia,-0.910203025
"Apr 6, 2020 to Apr 12, 2020 (Week 15)",4/6/2020,Alaska,-1.194297395
"Apr 6, 2020 to Apr 12, 2020 (Week 15)",4/6/2020,Delaware,-1.079272301
"Apr 6, 2020 to Apr 12, 2020 (Week 15)",4/6/2020,California,-0.846712702
"Apr 6, 2020 to Apr 12, 2020 (Week 15)",4/6/2020,Colorado,-0.987466786
"Apr 6, 2020 to Apr 12, 2020 (Week 15)",4/6/2020,Florida,-0.867648293
"Apr 6, 2020 to Apr 12, 2020 (Week 15)",4/6/2020,Arkansas,-1.137187635
"Apr 6, 2020 to Apr 12, 2020 (Week 15)",4/6/2020,Connecticut,-1.079534581
"Apr 6, 2020 to Apr 12, 2020 (Week 15)",4/6/2020,Arizona,-0.863316478
"Apr 13, 2020 to Apr 19, 2020 (Week 16)",4/13/2020,Delaware,-1.029231827
"Apr 13, 2020 to Apr 19, 2020 (Week 16)",4/13/2020,Arkansas,-1.080098065
"Apr 13, 2020 to Apr 19, 2020 (Week 16)",4/13/2020,Connecticut,-1.082980281
"Apr 13, 2020 to Apr 19, 2020 (Week 16)",4/13/2020,Alabama,-0.845195841
"Apr 13, 2020 to Apr 19, 2020 (Week 16)",4/13/2020,Alaska,-1.213862758
"Apr 13, 2020 to Apr 19, 2020 (Week 16)",4/13/2020,Arizona,-0.784049501
"Apr 13, 2020 to Apr 19, 2020 (Week 16)",4/13/2020,California,-0.813942494
"Apr 13, 2020 to Apr 19, 2020 (Week 16)",4/13/2020,Colorado,-0.957820118
"Apr 13, 2020 to Apr 19, 2020 (Week 16)",4/13/2020,Florida,-0.828354828
"Apr 13, 2020 to Apr 19, 2020 (Week 16)",4/13/2020,Georgia,-0.876161278
"Apr 20, 2020 to Apr 26, 2020 (Week 17)",4/20/2020,Delaware,-1.040630988
"Apr 20, 2020 to Apr 26, 2020 (Week 17)",4/20/2020,California,-0.80951831
"Apr 20, 2020 to Apr 26, 2020 (Week 17)",4/20/2020,Georgia,-0.857391945
"Apr 20, 2020 to Apr 26, 2020 (Week 17)",4/20/2020,Arizona,-0.763733475
"Apr 20, 2020 to Apr 26, 2020 (Week 17)",4/20/2020,Arkansas,-1.085190295
"Apr 20, 2020 to Apr 26, 2020 (Week 17)",4/20/2020,Alabama,-0.829687723
"Apr 20, 2020 to Apr 26, 2020 (Week 17)",4/20/2020,Florida,-0.803199037
"Apr 20, 2020 to Apr 26, 2020 (Week 17)",4/20/2020,Colorado,-0.935500846
"Apr 20, 2020 to Apr 26, 2020 (Week 17)",4/20/2020,Connecticut,-1.075743064
"Apr 20, 2020 to Apr 26, 2020 (Week 17)",4/20/2020,Alaska,-1.137268437
"Apr 27, 2020 to May 3, 2020 (Week 18)",4/27/2020,Alaska,-1.140718694
"Apr 27, 2020 to May 3, 2020 (Week 18)",4/27/2020,Delaware,-1.002750622
"Apr 27, 2020 to May 3, 2020 (Week 18)",4/27/2020,Alabama,-0.720920879
"Apr 27, 2020 to May 3, 2020 (Week 18)",4/27/2020,Arkansas,-1.029426241
"Apr 27, 2020 to May 3, 2020 (Week 18)",4/27/2020,Arizona,-0.720617402
"Apr 27, 2020 to May 3, 2020 (Week 18)",4/27/2020,Georgia,-0.798324889
"Apr 27, 2020 to May 3, 2020 (Week 18)",4/27/2020,Colorado,-0.897499372
"Apr 27, 2020 to May 3, 2020 (Week 18)",4/27/2020,California,-0.795890096
"Apr 27, 2020 to May 3, 2020 (Week 18)",4/27/2020,Connecticut,-1.063537993
"Apr 27, 2020 to May 3, 2020 (Week 18)",4/27/2020,Florida,-0.743658863
"May 4, 2020 to May 10, 2020 (Week 19)",5/4/2020,Connecticut,-1.049550817
"May 4, 2020 to May 10, 2020 (Week 19)",5/4/2020,Alaska,-1.082569613
"May 4, 2020 to May 10, 2020 (Week 19)",5/4/2020,Florida,-0.654283224
"May 4, 2020 to May 10, 2020 (Week 19)",5/4/2020,Colorado,-0.876190991
"May 4, 2020 to May 10, 2020 (Week 19)",5/4/2020,Alabama,-0.646757482
"May 4, 2020 to May 10, 2020 (Week 19)",5/4/2020,Arkansas,-0.947374738
"May 4, 2020 to May 10, 2020 (Week 19)",5/4/2020,Georgia,-0.747379871
"May 4, 2020 to May 10, 2020 (Week 19)",5/4/2020,Delaware,-0.957330194
"May 4, 2020 to May 10, 2020 (Week 19)",5/4/2020,Arizona,-0.650223736
"May 4, 2020 to May 10, 2020 (Week 19)",5/4/2020,California,-0.768292753
"May 11, 2020 to May 17, 2020 (Week 20)",5/11/2020,Delaware,-0.906838806
"May 11, 2020 to May 17, 2020 (Week 20)",5/11/2020,Connecticut,-1.026821133
"May 11, 2020 to May 17, 2020 (Week 20)",5/11/2020,Alaska,-1.073652582
"May 11, 2020 to May 17, 2020 (Week 20)",5/11/2020,Florida,-0.60621996
"May 11, 2020 to May 17, 2020 (Week 20)",5/11/2020,Colorado,-0.848391562
"May 11, 2020 to May 17, 2020 (Week 20)",5/11/2020,Alabama,-0.604688291
"May 11, 2020 to May 17, 2020 (Week 20)",5/11/2020,Arkansas,-0.910959731
"May 11, 2020 to May 17, 2020 (Week 20)",5/11/2020,Arizona,-0.583877443
"May 11, 2020 to May 17, 2020 (Week 20)",5/11/2020,California,-0.753161213
"May 11, 2020 to May 17, 2020 (Week 20)",5/11/2020,Georgia,-0.693192128
"May 18, 2020 to May 24, 2020 (Week 21)",5/18/2020,Delaware,-0.832723873
"May 18, 2020 to May 24, 2020 (Week 21)",5/18/2020,Alabama,-0.5104589
"May 18, 2020 to May 24, 2020 (Week 21)",5/18/2020,Florida,-0.506898493
"May 18, 2020 to May 24, 2020 (Week 21)",5/18/2020,Connecticut,-0.978889821
"May 18, 2020 to May 24, 2020 (Week 21)",5/18/2020,Colorado,-0.79573347
"May 18, 2020 to May 24, 2020 (Week 21)",5/18/2020,Georgia,-0.609996214
"May 18, 2020 to May 24, 2020 (Week 21)",5/18/2020,Alaska,-0.952924185
"May 18, 2020 to May 24, 2020 (Week 21)",5/18/2020,Arizona,-0.428906294
"May 18, 2020 to May 24, 2020 (Week 21)",5/18/2020,Arkansas,-0.817729002
"May 18, 2020 to May 24, 2020 (Week 21)",5/18/2020,California,-0.713604846
"May 25, 2020 to May 31, 2020 (Week 22)",5/25/2020,Georgia,-0.577843649
"May 25, 2020 to May 31, 2020 (Week 22)",5/25/2020,Arizona,-0.421038219
"May 25, 2020 to May 31, 2020 (Week 22)",5/25/2020,Delaware,-0.647078392
"May 25, 2020 to May 31, 2020 (Week 22)",5/25/2020,Florida,-0.491587987
"May 25, 2020 to May 31, 2020 (Week 22)",5/25/2020,Arkansas,-0.745116587
"May 25, 2020 to May 31, 2020 (Week 22)",5/25/2020,Colorado,-0.733249211
"May 25, 2020 to May 31, 2020 (Week 22)",5/25/2020,California,-0.699713485
"May 25, 2020 to May 31, 2020 (Week 22)",5/25/2020,Alabama,-0.423958396
"May 25, 2020 to May 31, 2020 (Week 22)",5/25/2020,Alaska,-0.83834219
"May 25, 2020 to May 31, 2020 (Week 22)",5/25/2020,Connecticut,-0.977340565
"Jun 1, 2020 to Jun 7, 2020 (Week 23)",6/1/2020,Alaska,-0.906375106
"Jun 1, 2020 to Jun 7, 2020 (Week 23)",6/1/2020,Delaware,-0.463147384
"Jun 1, 2020 to Jun 7, 2020 (Week 23)",6/1/2020,Georgia,-0.516596977
"Jun 1, 2020 to Jun 7, 2020 (Week 23)",6/1/2020,Alabama,-0.437178831
"Jun 1, 2020 to Jun 7, 2020 (Week 23)",6/1/2020,Florida,-0.465045184
"Jun 1, 2020 to Jun 7, 2020 (Week 23)",6/1/2020,Arizona,-0.406315399
"Jun 1, 2020 to Jun 7, 2020 (Week 23)",6/1/2020,California,-0.677479015
"Jun 1, 2020 to Jun 7, 2020 (Week 23)",6/1/2020,Connecticut,-0.836240359
"Jun 1, 2020 to Jun 7, 2020 (Week 23)",6/1/2020,Colorado,-0.675406728
"Jun 1, 2020 to Jun 7, 2020 (Week 23)",6/1/2020,Arkansas,-0.679630797
"Jun 8, 2020 to Jun 14, 2020 (Week 24)",6/8/2020,Delaware,-0.303755271
"Jun 8, 2020 to Jun 14, 2020 (Week 24)",6/8/2020,Alabama,-0.277068883
"Jun 8, 2020 to Jun 14, 2020 (Week 24)",6/8/2020,Arkansas,-0.497614038
"Jun 8, 2020 to Jun 14, 2020 (Week 24)",6/8/2020,California,-0.526849828
"Jun 8, 2020 to Jun 14, 2020 (Week 24)",6/8/2020,Connecticut,-0.734507897
"Jun 8, 2020 to Jun 14, 2020 (Week 24)",6/8/2020,Alaska,-0.801198068
"Jun 8, 2020 to Jun 14, 2020 (Week 24)",6/8/2020,Florida,-0.324011949
"Jun 8, 2020 to Jun 14, 2020 (Week 24)",6/8/2020,Colorado,-0.525778972
"Jun 8, 2020 to Jun 14, 2020 (Week 24)",6/8/2020,Arizona,-0.256707593
"Jun 8, 2020 to Jun 14, 2020 (Week 24)",6/8/2020,Georgia,-0.386108423
"Jun 15, 2020 to Jun 21, 2020 (Week 25)",6/15/2020,Alaska,-0.838125418
"Jun 15, 2020 to Jun 21, 2020 (Week 25)",6/15/2020,Delaware,-0.40146317
"Jun 15, 2020 to Jun 21, 2020 (Week 25)",6/15/2020,Georgia,-0.564202264
"Jun 15, 2020 to Jun 21, 2020 (Week 25)",6/15/2020,California,-0.619540182
"Jun 15, 2020 to Jun 21, 2020 (Week 25)",6/15/2020,Colorado,-0.689144876
"Jun 15, 2020 to Jun 21, 2020 (Week 25)",6/15/2020,Florida,-0.532796514
"Jun 15, 2020 to Jun 21, 2020 (Week 25)",6/15/2020,Arkansas,-0.661660108
"Jun 15, 2020 to Jun 21, 2020 (Week 25)",6/15/2020,Connecticut,-0.784682893
"Jun 15, 2020 to Jun 21, 2020 (Week 25)",6/15/2020,Alabama,-0.454285812
"Jun 15, 2020 to Jun 21, 2020 (Week 25)",6/15/2020,Arizona,-0.512090073
"Jun 22, 2020 to Jun 28, 2020 (Week 26)",6/22/2020,Delaware,-0.297590218
"Jun 22, 2020 to Jun 28, 2020 (Week 26)",6/22/2020,Colorado,-0.650103123
"Jun 22, 2020 to Jun 28, 2020 (Week 26)",6/22/2020,Alaska,-0.83032439
"Jun 22, 2020 to Jun 28, 2020 (Week 26)",6/22/2020,Arkansas,-0.654339273
"Jun 22, 2020 to Jun 28, 2020 (Week 26)",6/22/2020,Florida,-0.542539493
"Jun 22, 2020 to Jun 28, 2020 (Week 26)",6/22/2020,Arizona,-0.53385225
"Jun 22, 2020 to Jun 28, 2020 (Week 26)",6/22/2020,Connecticut,-0.750184174
"Jun 22, 2020 to Jun 28, 2020 (Week 26)",6/22/2020,California,-0.606459813
"Jun 22, 2020 to Jun 28, 2020 (Week 26)",6/22/2020,Georgia,-0.550496258
"Jun 22, 2020 to Jun 28, 2020 (Week 26)",6/22/2020,Alabama,-0.447701056
"Jun 29, 2020 to Jul 5, 2020 (Week 27)",6/29/2020,Delaware,-0.530416275
"Jun 29, 2020 to Jul 5, 2020 (Week 27)",6/29/2020,Connecticut,-0.746563694
"Jun 29, 2020 to Jul 5, 2020 (Week 27)",6/29/2020,Alaska,-0.861353069
"Jun 29, 2020 to Jul 5, 2020 (Week 27)",6/29/2020,Florida,-0.517961322
"Jun 29, 2020 to Jul 5, 2020 (Week 27)",6/29/2020,Arizona,-0.518994103
"Jun 29, 2020 to Jul 5, 2020 (Week 27)",6/29/2020,Arkansas,-0.682257208
"Jun 29, 2020 to Jul 5, 2020 (Week 27)",6/29/2020,Georgia,-0.51261498
"Jun 29, 2020 to Jul 5, 2020 (Week 27)",6/29/2020,Colorado,-0.564507265
"Jun 29, 2020 to Jul 5, 2020 (Week 27)",6/29/2020,Alabama,-0.440286771
"Jun 29, 2020 to Jul 5, 2020 (Week 27)",6/29/2020,California,-0.603009681
"Jan 6, 2020 to Jan 12, 2020 (Week 2)",1/6/2020,Iowa,-0.010682843
"Jan 6, 2020 to Jan 12, 2020 (Week 2)",1/6/2020,Maryland,-0.003300572
"Jan 6, 2020 to Jan 12, 2020 (Week 2)",1/6/2020,Illinois,-0.005379576
"Jan 6, 2020 to Jan 12, 2020 (Week 2)",1/6/2020,Indiana,-0.010761923
"Jan 6, 2020 to Jan 12, 2020 (Week 2)",1/6/2020,Louisiana,-0.006834853
"Jan 6, 2020 to Jan 12, 2020 (Week 2)",1/6/2020,Maine,-0.006629314
"Jan 6, 2020 to Jan 12, 2020 (Week 2)",1/6/2020,Kentucky,-0.004243078
"Jan 6, 2020 to Jan 12, 2020 (Week 2)",1/6/2020,Hawaii,0.005228858
"Jan 6, 2020 to Jan 12, 2020 (Week 2)",1/6/2020,Kansas,-0.009510677
"Jan 6, 2020 to Jan 12, 2020 (Week 2)",1/6/2020,Idaho,0.005824107
"Jan 13, 2020 to Jan 19, 2020 (Week 3)",1/13/2020,Kentucky,0.071676306
"Jan 13, 2020 to Jan 19, 2020 (Week 3)",1/13/2020,Kansas,0.045156909
"Jan 13, 2020 to Jan 19, 2020 (Week 3)",1/13/2020,Illinois,0.064747335
"Jan 13, 2020 to Jan 19, 2020 (Week 3)",1/13/2020,Hawaii,0.003043588
"Jan 13, 2020 to Jan 19, 2020 (Week 3)",1/13/2020,Louisiana,-0.040028571
"Jan 13, 2020 to Jan 19, 2020 (Week 3)",1/13/2020,Maryland,0.085080927
"Jan 13, 2020 to Jan 19, 2020 (Week 3)",1/13/2020,Idaho,0.144348176
"Jan 13, 2020 to Jan 19, 2020 (Week 3)",1/13/2020,Indiana,0.052959518
"Jan 13, 2020 to Jan 19, 2020 (Week 3)",1/13/2020,Maine,0.020388327
"Jan 13, 2020 to Jan 19, 2020 (Week 3)",1/13/2020,Iowa,0.059805226
"Jan 20, 2020 to Jan 26, 2020 (Week 4)",1/20/2020,Indiana,0.026738676
"Jan 20, 2020 to Jan 26, 2020 (Week 4)",1/20/2020,Louisiana,0.028209698
"Jan 20, 2020 to Jan 26, 2020 (Week 4)",1/20/2020,Iowa,0.003238633
"Jan 20, 2020 to Jan 26, 2020 (Week 4)",1/20/2020,Idaho,0.043790507
"Jan 20, 2020 to Jan 26, 2020 (Week 4)",1/20/2020,Maine,-0.067545073
"Jan 20, 2020 to Jan 26, 2020 (Week 4)",1/20/2020,Illinois,0.059307879
"Jan 20, 2020 to Jan 26, 2020 (Week 4)",1/20/2020,Maryland,-0.018023869
"Jan 20, 2020 to Jan 26, 2020 (Week 4)",1/20/2020,Kansas,0.024183468
"Jan 20, 2020 to Jan 26, 2020 (Week 4)",1/20/2020,Kentucky,0.033964602
"Jan 20, 2020 to Jan 26, 2020 (Week 4)",1/20/2020,Hawaii,-0.031893145
"Jan 27, 2020 to Feb 2, 2020 (Week 5)",1/27/2020,Kansas,-0.01040067
"Jan 27, 2020 to Feb 2, 2020 (Week 5)",1/27/2020,Idaho,0.044524223
"Jan 27, 2020 to Feb 2, 2020 (Week 5)",1/27/2020,Kentucky,0.061542779
"Jan 27, 2020 to Feb 2, 2020 (Week 5)",1/27/2020,Indiana,0.020215723
"Jan 27, 2020 to Feb 2, 2020 (Week 5)",1/27/2020,Illinois,0.012513712
"Jan 27, 2020 to Feb 2, 2020 (Week 5)",1/27/2020,Iowa,-0.018243058
"Jan 27, 2020 to Feb 2, 2020 (Week 5)",1/27/2020,Maine,-0.134421551
"Jan 27, 2020 to Feb 2, 2020 (Week 5)",1/27/2020,Louisiana,-0.007569853
"Jan 27, 2020 to Feb 2, 2020 (Week 5)",1/27/2020,Hawaii,-0.082625641
"Jan 27, 2020 to Feb 2, 2020 (Week 5)",1/27/2020,Maryland,-0.022671758
"Feb 3, 2020 to Feb 9, 2020 (Week 6)",2/3/2020,Illinois,0.056369651
"Feb 3, 2020 to Feb 9, 2020 (Week 6)",2/3/2020,Indiana,0.084810325
"Feb 3, 2020 to Feb 9, 2020 (Week 6)",2/3/2020,Hawaii,-0.057208038
"Feb 3, 2020 to Feb 9, 2020 (Week 6)",2/3/2020,Kentucky,0.141332142
"Feb 3, 2020 to Feb 9, 2020 (Week 6)",2/3/2020,Iowa,0.049307591
"Feb 3, 2020 to Feb 9, 2020 (Week 6)",2/3/2020,Maryland,0.01905726
"Feb 3, 2020 to Feb 9, 2020 (Week 6)",2/3/2020,Maine,-0.013506321
"Feb 3, 2020 to Feb 9, 2020 (Week 6)",2/3/2020,Idaho,0.171656673
"Feb 3, 2020 to Feb 9, 2020 (Week 6)",2/3/2020,Kansas,0.029902023
"Feb 3, 2020 to Feb 9, 2020 (Week 6)",2/3/2020,Louisiana,0.018009808
"Feb 10, 2020 to Feb 16, 2020 (Week 7)",2/10/2020,Illinois,0.069360673
"Feb 10, 2020 to Feb 16, 2020 (Week 7)",2/10/2020,Indiana,0.061341633
"Feb 10, 2020 to Feb 16, 2020 (Week 7)",2/10/2020,Maryland,0.068242049
"Feb 10, 2020 to Feb 16, 2020 (Week 7)",2/10/2020,Idaho,0.137735706
"Feb 10, 2020 to Feb 16, 2020 (Week 7)",2/10/2020,Hawaii,0.088110624
"Feb 10, 2020 to Feb 16, 2020 (Week 7)",2/10/2020,Iowa,0.034096655
"Feb 10, 2020 to Feb 16, 2020 (Week 7)",2/10/2020,Maine,-0.099764285
"Feb 10, 2020 to Feb 16, 2020 (Week 7)",2/10/2020,Louisiana,0.014575608
"Feb 10, 2020 to Feb 16, 2020 (Week 7)",2/10/2020,Kansas,0.028272417
"Feb 10, 2020 to Feb 16, 2020 (Week 7)",2/10/2020,Kentucky,0.100374752
"Feb 17, 2020 to Feb 23, 2020 (Week 8)",2/17/2020,Kentucky,0.132808345
"Feb 17, 2020 to Feb 23, 2020 (Week 8)",2/17/2020,Hawaii,0.104866737
"Feb 17, 2020 to Feb 23, 2020 (Week 8)",2/17/2020,Idaho,0.122968692
"Feb 17, 2020 to Feb 23, 2020 (Week 8)",2/17/2020,Louisiana,0.08091437
"Feb 17, 2020 to Feb 23, 2020 (Week 8)",2/17/2020,Maine,-0.052500114
"Feb 17, 2020 to Feb 23, 2020 (Week 8)",2/17/2020,Kansas,0.089113437
"Feb 17, 2020 to Feb 23, 2020 (Week 8)",2/17/2020,Illinois,0.056034671
"Feb 17, 2020 to Feb 23, 2020 (Week 8)",2/17/2020,Indiana,0.047506126
"Feb 17, 2020 to Feb 23, 2020 (Week 8)",2/17/2020,Maryland,-0.009557536
"Feb 17, 2020 to Feb 23, 2020 (Week 8)",2/17/2020,Iowa,0.023742581
"Feb 24, 2020 to Mar 1, 2020 (Week 9)",2/24/2020,Kansas,0.005952434
"Feb 24, 2020 to Mar 1, 2020 (Week 9)",2/24/2020,Louisiana,0.015498359
"Feb 24, 2020 to Mar 1, 2020 (Week 9)",2/24/2020,Idaho,0.116991564
"Feb 24, 2020 to Mar 1, 2020 (Week 9)",2/24/2020,Hawaii,0.091967026
"Feb 24, 2020 to Mar 1, 2020 (Week 9)",2/24/2020,Maine,-0.172811139
"Feb 24, 2020 to Mar 1, 2020 (Week 9)",2/24/2020,Indiana,-0.00271869
"Feb 24, 2020 to Mar 1, 2020 (Week 9)",2/24/2020,Illinois,0.036605952
"Feb 24, 2020 to Mar 1, 2020 (Week 9)",2/24/2020,Iowa,-0.021636784
"Feb 24, 2020 to Mar 1, 2020 (Week 9)",2/24/2020,Kentucky,0.075636772
"Feb 24, 2020 to Mar 1, 2020 (Week 9)",2/24/2020,Maryland,-0.016089912
"Mar 2, 2020 to Mar 8, 2020 (Week 10)",3/2/2020,Kansas,-0.143543889
"Mar 2, 2020 to Mar 8, 2020 (Week 10)",3/2/2020,Kentucky,-0.039163728
"Mar 2, 2020 to Mar 8, 2020 (Week 10)",3/2/2020,Iowa,-0.128272241
"Mar 2, 2020 to Mar 8, 2020 (Week 10)",3/2/2020,Maine,-0.309405091
"Mar 2, 2020 to Mar 8, 2020 (Week 10)",3/2/2020,Hawaii,-0.313356017
"Mar 2, 2020 to Mar 8, 2020 (Week 10)",3/2/2020,Illinois,-0.09617688
"Mar 2, 2020 to Mar 8, 2020 (Week 10)",3/2/2020,Louisiana,-0.053209664
"Mar 2, 2020 to Mar 8, 2020 (Week 10)",3/2/2020,Maryland,-0.091662038
"Mar 2, 2020 to Mar 8, 2020 (Week 10)",3/2/2020,Indiana,-0.098673811
"Mar 2, 2020 to Mar 8, 2020 (Week 10)",3/2/2020,Idaho,-0.004654751
"Mar 9, 2020 to Mar 15, 2020 (Week 11)",3/9/2020,Hawaii,0.000412865
"Mar 9, 2020 to Mar 15, 2020 (Week 11)",3/9/2020,Louisiana,-0.343544658
"Mar 9, 2020 to Mar 15, 2020 (Week 11)",3/9/2020,Idaho,-0.226441746
"Mar 9, 2020 to Mar 15, 2020 (Week 11)",3/9/2020,Kentucky,-0.353717893
"Mar 9, 2020 to Mar 15, 2020 (Week 11)",3/9/2020,Kansas,-0.45952653
"Mar 9, 2020 to Mar 15, 2020 (Week 11)",3/9/2020,Iowa,-0.478043438
"Mar 9, 2020 to Mar 15, 2020 (Week 11)",3/9/2020,Indiana,-0.439586835
"Mar 9, 2020 to Mar 15, 2020 (Week 11)",3/9/2020,Maine,-0.688216672
"Mar 9, 2020 to Mar 15, 2020 (Week 11)",3/9/2020,Illinois,-0.425341056
"Mar 9, 2020 to Mar 15, 2020 (Week 11)",3/9/2020,Maryland,-0.407024514
"Mar 16, 2020 to Mar 22, 2020 (Week 12)",3/16/2020,Kentucky,-0.792298026
"Mar 16, 2020 to Mar 22, 2020 (Week 12)",3/16/2020,Iowa,-1.00468982
"Mar 16, 2020 to Mar 22, 2020 (Week 12)",3/16/2020,Hawaii,-0.589675226
"Mar 16, 2020 to Mar 22, 2020 (Week 12)",3/16/2020,Idaho,-0.708224442
"Mar 16, 2020 to Mar 22, 2020 (Week 12)",3/16/2020,Indiana,-0.955856541
"Mar 16, 2020 to Mar 22, 2020 (Week 12)",3/16/2020,Maine,-1.278344912
"Mar 16, 2020 to Mar 22, 2020 (Week 12)",3/16/2020,Kansas,-0.925572777
"Mar 16, 2020 to Mar 22, 2020 (Week 12)",3/16/2020,Maryland,-0.853947035
"Mar 16, 2020 to Mar 22, 2020 (Week 12)",3/16/2020,Louisiana,-0.839536822
"Mar 16, 2020 to Mar 22, 2020 (Week 12)",3/16/2020,Illinois,-0.906469085
"Mar 23, 2020 to Mar 29, 2020 (Week 13)",3/23/2020,Kentucky,-0.95151905
"Mar 23, 2020 to Mar 29, 2020 (Week 13)",3/23/2020,Idaho,-0.821936222
"Mar 23, 2020 to Mar 29, 2020 (Week 13)",3/23/2020,Maine,-1.356173831
"Mar 23, 2020 to Mar 29, 2020 (Week 13)",3/23/2020,Maryland,-0.921368313
"Mar 23, 2020 to Mar 29, 2020 (Week 13)",3/23/2020,Louisiana,-0.920358212
"Mar 23, 2020 to Mar 29, 2020 (Week 13)",3/23/2020,Illinois,-0.985315436
"Mar 23, 2020 to Mar 29, 2020 (Week 13)",3/23/2020,Kansas,-1.032306561
"Mar 23, 2020 to Mar 29, 2020 (Week 13)",3/23/2020,Iowa,-1.072922634
"Mar 23, 2020 to Mar 29, 2020 (Week 13)",3/23/2020,Hawaii,-0.660246238
"Mar 23, 2020 to Mar 29, 2020 (Week 13)",3/23/2020,Indiana,-1.012564266
"Mar 30, 2020 to Apr 5, 2020 (Week 14)",3/30/2020,Idaho,-0.933158429
"Mar 30, 2020 to Apr 5, 2020 (Week 14)",3/30/2020,Iowa,-1.09958665
"Mar 30, 2020 to Apr 5, 2020 (Week 14)",3/30/2020,Indiana,-1.053444975
"Mar 30, 2020 to Apr 5, 2020 (Week 14)",3/30/2020,Hawaii,-0.625817796
"Mar 30, 2020 to Apr 5, 2020 (Week 14)",3/30/2020,Kansas,-1.078040162
"Mar 30, 2020 to Apr 5, 2020 (Week 14)",3/30/2020,Louisiana,-0.947771467
"Mar 30, 2020 to Apr 5, 2020 (Week 14)",3/30/2020,Kentucky,-0.96236985
"Mar 30, 2020 to Apr 5, 2020 (Week 14)",3/30/2020,Maine,-1.388698967
"Mar 30, 2020 to Apr 5, 2020 (Week 14)",3/30/2020,Maryland,-0.920852439
"Mar 30, 2020 to Apr 5, 2020 (Week 14)",3/30/2020,Illinois,-0.99138913
"Apr 6, 2020 to Apr 12, 2020 (Week 15)",4/6/2020,Hawaii,-0.659958941
"Apr 6, 2020 to Apr 12, 2020 (Week 15)",4/6/2020,Idaho,-0.946534826
"Apr 6, 2020 to Apr 12, 2020 (Week 15)",4/6/2020,Maine,-1.390315468
"Apr 6, 2020 to Apr 12, 2020 (Week 15)",4/6/2020,Louisiana,-0.955548502
"Apr 6, 2020 to Apr 12, 2020 (Week 15)",4/6/2020,Kansas,-1.072748848
"Apr 6, 2020 to Apr 12, 2020 (Week 15)",4/6/2020,Indiana,-1.067007473
"Apr 6, 2020 to Apr 12, 2020 (Week 15)",4/6/2020,Maryland,-0.963147091
"Apr 6, 2020 to Apr 12, 2020 (Week 15)",4/6/2020,Illinois,-0.998179914
"Apr 6, 2020 to Apr 12, 2020 (Week 15)",4/6/2020,Kentucky,-0.985433135
"Apr 6, 2020 to Apr 12, 2020 (Week 15)",4/6/2020,Iowa,-1.099211438
"Apr 13, 2020 to Apr 19, 2020 (Week 16)",4/13/2020,Hawaii,-0.5828087
"Apr 13, 2020 to Apr 19, 2020 (Week 16)",4/13/2020,Illinois,-0.96241832
"Apr 13, 2020 to Apr 19, 2020 (Week 16)",4/13/2020,Kansas,-1.052310229
"Apr 13, 2020 to Apr 19, 2020 (Week 16)",4/13/2020,Idaho,-0.92971224
"Apr 13, 2020 to Apr 19, 2020 (Week 16)",4/13/2020,Iowa,-1.071602674
"Apr 13, 2020 to Apr 19, 2020 (Week 16)",4/13/2020,Maryland,-0.918753032
"Apr 13, 2020 to Apr 19, 2020 (Week 16)",4/13/2020,Kentucky,-0.925646407
"Apr 13, 2020 to Apr 19, 2020 (Week 16)",4/13/2020,Indiana,-1.018723061
"Apr 13, 2020 to Apr 19, 2020 (Week 16)",4/13/2020,Maine,-1.337622598
"Apr 13, 2020 to Apr 19, 2020 (Week 16)",4/13/2020,Louisiana,-0.926908243
"Apr 20, 2020 to Apr 26, 2020 (Week 17)",4/20/2020,Kansas,-1.0348886
"Apr 20, 2020 to Apr 26, 2020 (Week 17)",4/20/2020,Maryland,-0.908272642
"Apr 20, 2020 to Apr 26, 2020 (Week 17)",4/20/2020,Indiana,-1.011152174
"Apr 20, 2020 to Apr 26, 2020 (Week 17)",4/20/2020,Kentucky,-0.919094809
"Apr 20, 2020 to Apr 26, 2020 (Week 17)",4/20/2020,Idaho,-0.861058017
"Apr 20, 2020 to Apr 26, 2020 (Week 17)",4/20/2020,Iowa,-1.053306569
"Apr 20, 2020 to Apr 26, 2020 (Week 17)",4/20/2020,Hawaii,-0.667056059
"Apr 20, 2020 to Apr 26, 2020 (Week 17)",4/20/2020,Illinois,-0.959202496
"Apr 20, 2020 to Apr 26, 2020 (Week 17)",4/20/2020,Louisiana,-0.915677626
"Apr 20, 2020 to Apr 26, 2020 (Week 17)",4/20/2020,Maine,-1.33401878
"Apr 27, 2020 to May 3, 2020 (Week 18)",4/27/2020,Maine,-1.321866453
"Apr 27, 2020 to May 3, 2020 (Week 18)",4/27/2020,Idaho,-0.803209121
"Apr 27, 2020 to May 3, 2020 (Week 18)",4/27/2020,Illinois,-0.936332284
"Apr 27, 2020 to May 3, 2020 (Week 18)",4/27/2020,Kansas,-0.979491475
"Apr 27, 2020 to May 3, 2020 (Week 18)",4/27/2020,Maryland,-0.883344343
"Apr 27, 2020 to May 3, 2020 (Week 18)",4/27/2020,Iowa,-1.005252931
"Apr 27, 2020 to May 3, 2020 (Week 18)",4/27/2020,Indiana,-0.98422251
"Apr 27, 2020 to May 3, 2020 (Week 18)",4/27/2020,Louisiana,-0.889798494
"Apr 27, 2020 to May 3, 2020 (Week 18)",4/27/2020,Kentucky,-0.873658155
"Apr 27, 2020 to May 3, 2020 (Week 18)",4/27/2020,Hawaii,-0.670777661
"May 4, 2020 to May 10, 2020 (Week 19)",5/4/2020,Louisiana,-0.80186596
"May 4, 2020 to May 10, 2020 (Week 19)",5/4/2020,Maine,-1.272524845
"May 4, 2020 to May 10, 2020 (Week 19)",5/4/2020,Maryland,-0.835378641
"May 4, 2020 to May 10, 2020 (Week 19)",5/4/2020,Hawaii,-0.642737727
"May 4, 2020 to May 10, 2020 (Week 19)",5/4/2020,Indiana,-0.911358481
"May 4, 2020 to May 10, 2020 (Week 19)",5/4/2020,Kentucky,-0.815628208
"May 4, 2020 to May 10, 2020 (Week 19)",5/4/2020,Kansas,-0.934532266
"May 4, 2020 to May 10, 2020 (Week 19)",5/4/2020,Idaho,-0.787047467
"May 4, 2020 to May 10, 2020 (Week 19)",5/4/2020,Illinois,-0.9105314
"May 4, 2020 to May 10, 2020 (Week 19)",5/4/2020,Iowa,-0.964225134
"May 11, 2020 to May 17, 2020 (Week 20)",5/11/2020,Iowa,-0.943607897
"May 11, 2020 to May 17, 2020 (Week 20)",5/11/2020,Maine,-1.256730498
"May 11, 2020 to May 17, 2020 (Week 20)",5/11/2020,Indiana,-0.872278461
"May 11, 2020 to May 17, 2020 (Week 20)",5/11/2020,Maryland,-0.814028028
"May 11, 2020 to May 17, 2020 (Week 20)",5/11/2020,Idaho,-0.758934047
"May 11, 2020 to May 17, 2020 (Week 20)",5/11/2020,Kansas,-0.901983767
"May 11, 2020 to May 17, 2020 (Week 20)",5/11/2020,Hawaii,-0.558533411
"May 11, 2020 to May 17, 2020 (Week 20)",5/11/2020,Louisiana,-0.808000351
"May 11, 2020 to May 17, 2020 (Week 20)",5/11/2020,Kentucky,-0.78979275
"May 11, 2020 to May 17, 2020 (Week 20)",5/11/2020,Illinois,-0.886869098
"May 18, 2020 to May 24, 2020 (Week 21)",5/18/2020,Hawaii,-0.642377375
"May 18, 2020 to May 24, 2020 (Week 21)",5/18/2020,Louisiana,-0.730438958
"May 18, 2020 to May 24, 2020 (Week 21)",5/18/2020,Kentucky,-0.730393032
"May 18, 2020 to May 24, 2020 (Week 21)",5/18/2020,Maine,-1.176574585
"May 18, 2020 to May 24, 2020 (Week 21)",5/18/2020,Idaho,-0.619159417
"May 18, 2020 to May 24, 2020 (Week 21)",5/18/2020,Kansas,-0.824590703
"May 18, 2020 to May 24, 2020 (Week 21)",5/18/2020,Illinois,-0.836775356
"May 18, 2020 to May 24, 2020 (Week 21)",5/18/2020,Iowa,-0.881793003
"May 18, 2020 to May 24, 2020 (Week 21)",5/18/2020,Maryland,-0.760881357
"May 18, 2020 to May 24, 2020 (Week 21)",5/18/2020,Indiana,-0.776763896
"May 25, 2020 to May 31, 2020 (Week 22)",5/25/2020,Idaho,-0.493416999
"May 25, 2020 to May 31, 2020 (Week 22)",5/25/2020,Iowa,-0.791486061
"May 25, 2020 to May 31, 2020 (Week 22)",5/25/2020,Kentucky,-0.620578019
"May 25, 2020 to May 31, 2020 (Week 22)",5/25/2020,Kansas,-0.729513341
"May 25, 2020 to May 31, 2020 (Week 22)",5/25/2020,Hawaii,-0.59416015
"May 25, 2020 to May 31, 2020 (Week 22)",5/25/2020,Maine,-1.137465848
"May 25, 2020 to May 31, 2020 (Week 22)",5/25/2020,Louisiana,-0.709266134
"May 25, 2020 to May 31, 2020 (Week 22)",5/25/2020,Illinois,-0.801337138
"May 25, 2020 to May 31, 2020 (Week 22)",5/25/2020,Indiana,-0.740988348
"May 25, 2020 to May 31, 2020 (Week 22)",5/25/2020,Maryland,-0.737913601
"Jun 1, 2020 to Jun 7, 2020 (Week 23)",6/1/2020,Kentucky,-0.593625889
"Jun 1, 2020 to Jun 7, 2020 (Week 23)",6/1/2020,Iowa,-0.732758215
"Jun 1, 2020 to Jun 7, 2020 (Week 23)",6/1/2020,Hawaii,-0.600703574
"Jun 1, 2020 to Jun 7, 2020 (Week 23)",6/1/2020,Idaho,-0.398249195
"Jun 1, 2020 to Jun 7, 2020 (Week 23)",6/1/2020,Louisiana,-0.648503619
"Jun 1, 2020 to Jun 7, 2020 (Week 23)",6/1/2020,Maine,-1.031558828
"Jun 1, 2020 to Jun 7, 2020 (Week 23)",6/1/2020,Illinois,-0.772737063
"Jun 1, 2020 to Jun 7, 2020 (Week 23)",6/1/2020,Kansas,-0.636074078
"Jun 1, 2020 to Jun 7, 2020 (Week 23)",6/1/2020,Maryland,-0.673543635
"Jun 1, 2020 to Jun 7, 2020 (Week 23)",6/1/2020,Indiana,-0.696085801
"Jun 8, 2020 to Jun 14, 2020 (Week 24)",6/8/2020,Hawaii,-0.558631936
"Jun 8, 2020 to Jun 14, 2020 (Week 24)",6/8/2020,Maryland,-0.554435275
"Jun 8, 2020 to Jun 14, 2020 (Week 24)",6/8/2020,Idaho,-0.258317379
"Jun 8, 2020 to Jun 14, 2020 (Week 24)",6/8/2020,Louisiana,-0.513540213
"Jun 8, 2020 to Jun 14, 2020 (Week 24)",6/8/2020,Kansas,-0.51717023
"Jun 8, 2020 to Jun 14, 2020 (Week 24)",6/8/2020,Illinois,-0.641516401
"Jun 8, 2020 to Jun 14, 2020 (Week 24)",6/8/2020,Kentucky,-0.449311505
"Jun 8, 2020 to Jun 14, 2020 (Week 24)",6/8/2020,Iowa,-0.57696207
"Jun 8, 2020 to Jun 14, 2020 (Week 24)",6/8/2020,Indiana,-0.531160902
"Jun 8, 2020 to Jun 14, 2020 (Week 24)",6/8/2020,Maine,-0.877652092
"Jun 15, 2020 to Jun 21, 2020 (Week 25)",6/15/2020,Hawaii,-0.635251414
"Jun 15, 2020 to Jun 21, 2020 (Week 25)",6/15/2020,Illinois,-0.697692351
"Jun 15, 2020 to Jun 21, 2020 (Week 25)",6/15/2020,Kentucky,-0.598261442
"Jun 15, 2020 to Jun 21, 2020 (Week 25)",6/15/2020,Kansas,-0.618388741
"Jun 15, 2020 to Jun 21, 2020 (Week 25)",6/15/2020,Louisiana,-0.649460436
"Jun 15, 2020 to Jun 21, 2020 (Week 25)",6/15/2020,Indiana,-0.619348614
"Jun 15, 2020 to Jun 21, 2020 (Week 25)",6/15/2020,Maine,-0.896623669
"Jun 15, 2020 to Jun 21, 2020 (Week 25)",6/15/2020,Iowa,-0.709612312
"Jun 15, 2020 to Jun 21, 2020 (Week 25)",6/15/2020,Idaho,-0.415291822
"Jun 15, 2020 to Jun 21, 2020 (Week 25)",6/15/2020,Maryland,-0.705006916
"Jun 22, 2020 to Jun 28, 2020 (Week 26)",6/22/2020,Maryland,-0.614138339
"Jun 22, 2020 to Jun 28, 2020 (Week 26)",6/22/2020,Illinois,-0.641468062
"Jun 22, 2020 to Jun 28, 2020 (Week 26)",6/22/2020,Idaho,-0.356959492
"Jun 22, 2020 to Jun 28, 2020 (Week 26)",6/22/2020,Kentucky,-0.563018947
"Jun 22, 2020 to Jun 28, 2020 (Week 26)",6/22/2020,Maine,-0.867386056
"Jun 22, 2020 to Jun 28, 2020 (Week 26)",6/22/2020,Kansas,-0.561574118
"Jun 22, 2020 to Jun 28, 2020 (Week 26)",6/22/2020,Iowa,-0.65549675
"Jun 22, 2020 to Jun 28, 2020 (Week 26)",6/22/2020,Indiana,-0.592208134
"Jun 22, 2020 to Jun 28, 2020 (Week 26)",6/22/2020,Louisiana,-0.640686254
"Jun 22, 2020 to Jun 28, 2020 (Week 26)",6/22/2020,Hawaii,-0.521141962
"Jun 29, 2020 to Jul 5, 2020 (Week 27)",6/29/2020,Maryland,-0.60366652
"Jun 29, 2020 to Jul 5, 2020 (Week 27)",6/29/2020,Maine,-0.884764085
"Jun 29, 2020 to Jul 5, 2020 (Week 27)",6/29/2020,Kentucky,-0.549460165
"Jun 29, 2020 to Jul 5, 2020 (Week 27)",6/29/2020,Illinois,-0.606767903
"Jun 29, 2020 to Jul 5, 2020 (Week 27)",6/29/2020,Indiana,-0.58940378
"Jun 29, 2020 to Jul 5, 2020 (Week 27)",6/29/2020,Idaho,-0.341666143
"Jun 29, 2020 to Jul 5, 2020 (Week 27)",6/29/2020,Hawaii,-0.379134539
"Jun 29, 2020 to Jul 5, 2020 (Week 27)",6/29/2020,Iowa,-0.6528483
"Jun 29, 2020 to Jul 5, 2020 (Week 27)",6/29/2020,Kansas,-0.587628964
"Jun 29, 2020 to Jul 5, 2020 (Week 27)",6/29/2020,Louisiana,-0.617218455
"Jan 6, 2020 to Jan 12, 2020 (Week 2)",1/6/2020,Nevada,0.002375535
"Jan 6, 2020 to Jan 12, 2020 (Week 2)",1/6/2020,Montana,0.021424419
"Jan 6, 2020 to Jan 12, 2020 (Week 2)",1/6/2020,Mississippi,-0.009945087
"Jan 6, 2020 to Jan 12, 2020 (Week 2)",1/6/2020,New Hampshire,-0.005950414
"Jan 6, 2020 to Jan 12, 2020 (Week 2)",1/6/2020,Michigan,-0.002637185
"Jan 6, 2020 to Jan 12, 2020 (Week 2)",1/6/2020,Massachusetts,0.000822599
"Jan 6, 2020 to Jan 12, 2020 (Week 2)",1/6/2020,Missouri,-0.016902122
"Jan 6, 2020 to Jan 12, 2020 (Week 2)",1/6/2020,Nebraska,-0.004679555
"Jan 6, 2020 to Jan 12, 2020 (Week 2)",1/6/2020,New Jersey,-0.003598472
"Jan 6, 2020 to Jan 12, 2020 (Week 2)",1/6/2020,Minnesota,-0.002485025
"Jan 13, 2020 to Jan 19, 2020 (Week 3)",1/13/2020,New Jersey,0.017193821
"Jan 13, 2020 to Jan 19, 2020 (Week 3)",1/13/2020,Nebraska,-0.021352103
"Jan 13, 2020 to Jan 19, 2020 (Week 3)",1/13/2020,Nevada,0.099761884
"Jan 13, 2020 to Jan 19, 2020 (Week 3)",1/13/2020,Minnesota,0.056730395
"Jan 13, 2020 to Jan 19, 2020 (Week 3)",1/13/2020,New Hampshire,0.027306545
"Jan 13, 2020 to Jan 19, 2020 (Week 3)",1/13/2020,Mississippi,0.120393745
"Jan 13, 2020 to Jan 19, 2020 (Week 3)",1/13/2020,Missouri,0.086371239
"Jan 13, 2020 to Jan 19, 2020 (Week 3)",1/13/2020,Massachusetts,0.043457274
"Jan 13, 2020 to Jan 19, 2020 (Week 3)",1/13/2020,Michigan,0.090954244
"Jan 13, 2020 to Jan 19, 2020 (Week 3)",1/13/2020,Montana,0.147625569
"Jan 20, 2020 to Jan 26, 2020 (Week 4)",1/20/2020,Nebraska,-0.045995996
"Jan 20, 2020 to Jan 26, 2020 (Week 4)",1/20/2020,Montana,0.178953517
"Jan 20, 2020 to Jan 26, 2020 (Week 4)",1/20/2020,Massachusetts,0.033389201
"Jan 20, 2020 to Jan 26, 2020 (Week 4)",1/20/2020,Michigan,0.011547351
"Jan 20, 2020 to Jan 26, 2020 (Week 4)",1/20/2020,Nevada,0.088075337
"Jan 20, 2020 to Jan 26, 2020 (Week 4)",1/20/2020,Mississippi,0.053609568
"Jan 20, 2020 to Jan 26, 2020 (Week 4)",1/20/2020,New Jersey,0.026314
"Jan 20, 2020 to Jan 26, 2020 (Week 4)",1/20/2020,New Hampshire,0.062215809
"Jan 20, 2020 to Jan 26, 2020 (Week 4)",1/20/2020,Minnesota,0.003806371
"Jan 20, 2020 to Jan 26, 2020 (Week 4)",1/20/2020,Missouri,0.027804454
"Jan 27, 2020 to Feb 2, 2020 (Week 5)",1/27/2020,Massachusetts,0.067885263
"Jan 27, 2020 to Feb 2, 2020 (Week 5)",1/27/2020,New Hampshire,-0.040896789
"Jan 27, 2020 to Feb 2, 2020 (Week 5)",1/27/2020,Missouri,-0.013599651
"Jan 27, 2020 to Feb 2, 2020 (Week 5)",1/27/2020,Michigan,0.057096931
"Jan 27, 2020 to Feb 2, 2020 (Week 5)",1/27/2020,Minnesota,-0.003794349
"Jan 27, 2020 to Feb 2, 2020 (Week 5)",1/27/2020,Mississippi,0.007100628
"Jan 27, 2020 to Feb 2, 2020 (Week 5)",1/27/2020,Montana,0.050642196
"Jan 27, 2020 to Feb 2, 2020 (Week 5)",1/27/2020,New Jersey,-0.004507477
"Jan 27, 2020 to Feb 2, 2020 (Week 5)",1/27/2020,Nebraska,-0.05158055
"Jan 27, 2020 to Feb 2, 2020 (Week 5)",1/27/2020,Nevada,0.067038009
"Feb 3, 2020 to Feb 9, 2020 (Week 6)",2/3/2020,Minnesota,0.059978735
"Feb 3, 2020 to Feb 9, 2020 (Week 6)",2/3/2020,Missouri,0.054447135
"Feb 3, 2020 to Feb 9, 2020 (Week 6)",2/3/2020,Nevada,0.148385771
"Feb 3, 2020 to Feb 9, 2020 (Week 6)",2/3/2020,Mississippi,0.059832889
"Feb 3, 2020 to Feb 9, 2020 (Week 6)",2/3/2020,Michigan,0.055726426
"Feb 3, 2020 to Feb 9, 2020 (Week 6)",2/3/2020,New Hampshire,0.054259731
"Feb 3, 2020 to Feb 9, 2020 (Week 6)",2/3/2020,New Jersey,0.052757543
"Feb 3, 2020 to Feb 9, 2020 (Week 6)",2/3/2020,Nebraska,0.001720243
"Feb 3, 2020 to Feb 9, 2020 (Week 6)",2/3/2020,Massachusetts,0.105025279
"Feb 3, 2020 to Feb 9, 2020 (Week 6)",2/3/2020,Montana,0.147233752
"Feb 10, 2020 to Feb 16, 2020 (Week 7)",2/10/2020,Massachusetts,0.095646262
"Feb 10, 2020 to Feb 16, 2020 (Week 7)",2/10/2020,New Jersey,0.017586649
"Feb 10, 2020 to Feb 16, 2020 (Week 7)",2/10/2020,Mississippi,0.162016347
"Feb 10, 2020 to Feb 16, 2020 (Week 7)",2/10/2020,Minnesota,0.079471579
"Feb 10, 2020 to Feb 16, 2020 (Week 7)",2/10/2020,Montana,0.216333523
"Feb 10, 2020 to Feb 16, 2020 (Week 7)",2/10/2020,Nevada,0.138081914
"Feb 10, 2020 to Feb 16, 2020 (Week 7)",2/10/2020,Nebraska,-0.011035394
"Feb 10, 2020 to Feb 16, 2020 (Week 7)",2/10/2020,Missouri,0.046841182
"Feb 10, 2020 to Feb 16, 2020 (Week 7)",2/10/2020,New Hampshire,0.011172213
"Feb 10, 2020 to Feb 16, 2020 (Week 7)",2/10/2020,Michigan,0.089220095
"Feb 17, 2020 to Feb 23, 2020 (Week 8)",2/17/2020,Missouri,0.016974079
"Feb 17, 2020 to Feb 23, 2020 (Week 8)",2/17/2020,Massachusetts,0.146848913
"Feb 17, 2020 to Feb 23, 2020 (Week 8)",2/17/2020,Mississippi,0.092848233
"Feb 17, 2020 to Feb 23, 2020 (Week 8)",2/17/2020,Michigan,0.073320115
"Feb 17, 2020 to Feb 23, 2020 (Week 8)",2/17/2020,New Jersey,0.009879774
"Feb 17, 2020 to Feb 23, 2020 (Week 8)",2/17/2020,Nevada,0.117273709
"Feb 17, 2020 to Feb 23, 2020 (Week 8)",2/17/2020,New Hampshire,0.064093259
"Feb 17, 2020 to Feb 23, 2020 (Week 8)",2/17/2020,Montana,0.100111471
"Feb 17, 2020 to Feb 23, 2020 (Week 8)",2/17/2020,Minnesota,0.003158019
"Feb 17, 2020 to Feb 23, 2020 (Week 8)",2/17/2020,Nebraska,0.044953587
"Feb 24, 2020 to Mar 1, 2020 (Week 9)",2/24/2020,Massachusetts,0.010048094
"Feb 24, 2020 to Mar 1, 2020 (Week 9)",2/24/2020,Missouri,-0.028457499
"Feb 24, 2020 to Mar 1, 2020 (Week 9)",2/24/2020,New Jersey,-0.047480856
"Feb 24, 2020 to Mar 1, 2020 (Week 9)",2/24/2020,Mississippi,-0.026361231
"Feb 24, 2020 to Mar 1, 2020 (Week 9)",2/24/2020,Minnesota,0.007570946
"Feb 24, 2020 to Mar 1, 2020 (Week 9)",2/24/2020,New Hampshire,-0.049198574
"Feb 24, 2020 to Mar 1, 2020 (Week 9)",2/24/2020,Nevada,0.049658111
"Feb 24, 2020 to Mar 1, 2020 (Week 9)",2/24/2020,Michigan,0.038671106
"Feb 24, 2020 to Mar 1, 2020 (Week 9)",2/24/2020,Nebraska,-0.076045539
"Feb 24, 2020 to Mar 1, 2020 (Week 9)",2/24/2020,Montana,0.131536934
"Mar 2, 2020 to Mar 8, 2020 (Week 10)",3/2/2020,Nebraska,-0.168342828
"Mar 2, 2020 to Mar 8, 2020 (Week 10)",3/2/2020,Mississippi,-0.002469706
"Mar 2, 2020 to Mar 8, 2020 (Week 10)",3/2/2020,Massachusetts,-0.073899723
"Mar 2, 2020 to Mar 8, 2020 (Week 10)",3/2/2020,Michigan,-0.035639537
"Mar 2, 2020 to Mar 8, 2020 (Week 10)",3/2/2020,New Jersey,-0.143316932
"Mar 2, 2020 to Mar 8, 2020 (Week 10)",3/2/2020,Montana,-0.021995573
"Mar 2, 2020 to Mar 8, 2020 (Week 10)",3/2/2020,Minnesota,-0.09294648
"Mar 2, 2020 to Mar 8, 2020 (Week 10)",3/2/2020,Missouri,-0.116018676
"Mar 2, 2020 to Mar 8, 2020 (Week 10)",3/2/2020,New Hampshire,-0.173315204
"Mar 2, 2020 to Mar 8, 2020 (Week 10)",3/2/2020,Nevada,-0.037767823
"Mar 9, 2020 to Mar 15, 2020 (Week 11)",3/9/2020,Montana,-0.260663553
"Mar 9, 2020 to Mar 15, 2020 (Week 11)",3/9/2020,Missouri,-0.453039902
"Mar 9, 2020 to Mar 15, 2020 (Week 11)",3/9/2020,Michigan,-0.349204719
"Mar 9, 2020 to Mar 15, 2020 (Week 11)",3/9/2020,Nebraska,-0.525325457
"Mar 9, 2020 to Mar 15, 2020 (Week 11)",3/9/2020,Mississippi,-0.341125111
"Mar 9, 2020 to Mar 15, 2020 (Week 11)",3/9/2020,New Hampshire,-0.564924505
"Mar 9, 2020 to Mar 15, 2020 (Week 11)",3/9/2020,Massachusetts,-0.391848706
"Mar 9, 2020 to Mar 15, 2020 (Week 11)",3/9/2020,Nevada,-0.288567553
"Mar 9, 2020 to Mar 15, 2020 (Week 11)",3/9/2020,Minnesota,-0.394734693
"Mar 9, 2020 to Mar 15, 2020 (Week 11)",3/9/2020,New Jersey,-0.42856161
"Mar 16, 2020 to Mar 22, 2020 (Week 12)",3/16/2020,Minnesota,-0.884046516
"Mar 16, 2020 to Mar 22, 2020 (Week 12)",3/16/2020,New Hampshire,-1.096374601
"Mar 16, 2020 to Mar 22, 2020 (Week 12)",3/16/2020,Montana,-0.751162534
"Mar 16, 2020 to Mar 22, 2020 (Week 12)",3/16/2020,Michigan,-0.834695146
"Mar 16, 2020 to Mar 22, 2020 (Week 12)",3/16/2020,Nevada,-0.559836326
"Mar 16, 2020 to Mar 22, 2020 (Week 12)",3/16/2020,Massachusetts,-0.855264385
"Mar 16, 2020 to Mar 22, 2020 (Week 12)",3/16/2020,Mississippi,-0.88382966
"Mar 16, 2020 to Mar 22, 2020 (Week 12)",3/16/2020,Nebraska,-0.995791001
"Mar 16, 2020 to Mar 22, 2020 (Week 12)",3/16/2020,New Jersey,-0.830639599
"Mar 16, 2020 to Mar 22, 2020 (Week 12)",3/16/2020,Missouri,-0.952103939
"Mar 23, 2020 to Mar 29, 2020 (Week 13)",3/23/2020,Mississippi,-0.994181569
"Mar 23, 2020 to Mar 29, 2020 (Week 13)",3/23/2020,Nebraska,-1.114036329
"Mar 23, 2020 to Mar 29, 2020 (Week 13)",3/23/2020,Michigan,-0.915670087
"Mar 23, 2020 to Mar 29, 2020 (Week 13)",3/23/2020,New Hampshire,-1.154058196
"Mar 23, 2020 to Mar 29, 2020 (Week 13)",3/23/2020,Missouri,-1.039164329
"Mar 23, 2020 to Mar 29, 2020 (Week 13)",3/23/2020,New Jersey,-0.881188335
"Mar 23, 2020 to Mar 29, 2020 (Week 13)",3/23/2020,Massachusetts,-0.904833145
"Mar 23, 2020 to Mar 29, 2020 (Week 13)",3/23/2020,Montana,-0.908869311
"Mar 23, 2020 to Mar 29, 2020 (Week 13)",3/23/2020,Minnesota,-0.959568824
"Mar 23, 2020 to Mar 29, 2020 (Week 13)",3/23/2020,Nevada,-0.665892388
"Mar 30, 2020 to Apr 5, 2020 (Week 14)",3/30/2020,Nevada,-0.666565185
"Mar 30, 2020 to Apr 5, 2020 (Week 14)",3/30/2020,Montana,-0.990207831
"Mar 30, 2020 to Apr 5, 2020 (Week 14)",3/30/2020,Mississippi,-1.033808136
"Mar 30, 2020 to Apr 5, 2020 (Week 14)",3/30/2020,Missouri,-1.064677177
"Mar 30, 2020 to Apr 5, 2020 (Week 14)",3/30/2020,Michigan,-0.934017485
"Mar 30, 2020 to Apr 5, 2020 (Week 14)",3/30/2020,Massachusetts,-0.903519145
"Mar 30, 2020 to Apr 5, 2020 (Week 14)",3/30/2020,New Hampshire,-1.165793018
"Mar 30, 2020 to Apr 5, 2020 (Week 14)",3/30/2020,Minnesota,-0.98373655
"Mar 30, 2020 to Apr 5, 2020 (Week 14)",3/30/2020,Nebraska,-1.123964253
"Mar 30, 2020 to Apr 5, 2020 (Week 14)",3/30/2020,New Jersey,-0.880576
"Apr 6, 2020 to Apr 12, 2020 (Week 15)",4/6/2020,Montana,-1.013990247
"Apr 6, 2020 to Apr 12, 2020 (Week 15)",4/6/2020,Michigan,-0.942653976
"Apr 6, 2020 to Apr 12, 2020 (Week 15)",4/6/2020,Nebraska,-1.135267388
"Apr 6, 2020 to Apr 12, 2020 (Week 15)",4/6/2020,New Hampshire,-1.173482934
"Apr 6, 2020 to Apr 12, 2020 (Week 15)",4/6/2020,Minnesota,-0.986217812
"Apr 6, 2020 to Apr 12, 2020 (Week 15)",4/6/2020,Nevada,-0.666473918
"Apr 6, 2020 to Apr 12, 2020 (Week 15)",4/6/2020,Mississippi,-1.031814416
"Apr 6, 2020 to Apr 12, 2020 (Week 15)",4/6/2020,Massachusetts,-0.912887261
"Apr 6, 2020 to Apr 12, 2020 (Week 15)",4/6/2020,New Jersey,-0.891413172
"Apr 6, 2020 to Apr 12, 2020 (Week 15)",4/6/2020,Missouri,-1.079747832
"Apr 13, 2020 to Apr 19, 2020 (Week 16)",4/13/2020,Montana,-0.911660013
"Apr 13, 2020 to Apr 19, 2020 (Week 16)",4/13/2020,Massachusetts,-0.91330485
"Apr 13, 2020 to Apr 19, 2020 (Week 16)",4/13/2020,Missouri,-1.050227324
"Apr 13, 2020 to Apr 19, 2020 (Week 16)",4/13/2020,New Hampshire,-1.171443542
"Apr 13, 2020 to Apr 19, 2020 (Week 16)",4/13/2020,Nebraska,-1.108119983
"Apr 13, 2020 to Apr 19, 2020 (Week 16)",4/13/2020,Mississippi,-0.966535267
"Apr 13, 2020 to Apr 19, 2020 (Week 16)",4/13/2020,Nevada,-0.66814383
"Apr 13, 2020 to Apr 19, 2020 (Week 16)",4/13/2020,New Jersey,-0.886731194
"Apr 13, 2020 to Apr 19, 2020 (Week 16)",4/13/2020,Michigan,-0.904669235
"Apr 13, 2020 to Apr 19, 2020 (Week 16)",4/13/2020,Minnesota,-0.954460327
"Apr 20, 2020 to Apr 26, 2020 (Week 17)",4/20/2020,Montana,-0.902010634
"Apr 20, 2020 to Apr 26, 2020 (Week 17)",4/20/2020,Massachusetts,-0.919488774
"Apr 20, 2020 to Apr 26, 2020 (Week 17)",4/20/2020,Missouri,-1.032163077
"Apr 20, 2020 to Apr 26, 2020 (Week 17)",4/20/2020,Nebraska,-1.093443219
"Apr 20, 2020 to Apr 26, 2020 (Week 17)",4/20/2020,New Hampshire,-1.173907516
"Apr 20, 2020 to Apr 26, 2020 (Week 17)",4/20/2020,Nevada,-0.644605572
"Apr 20, 2020 to Apr 26, 2020 (Week 17)",4/20/2020,Minnesota,-0.944859053
"Apr 20, 2020 to Apr 26, 2020 (Week 17)",4/20/2020,New Jersey,-0.87522
"Apr 20, 2020 to Apr 26, 2020 (Week 17)",4/20/2020,Mississippi,-0.947408714
"Apr 20, 2020 to Apr 26, 2020 (Week 17)",4/20/2020,Michigan,-0.898152415
"Apr 27, 2020 to May 3, 2020 (Week 18)",4/27/2020,Montana,-0.873231105
"Apr 27, 2020 to May 3, 2020 (Week 18)",4/27/2020,Nevada,-0.616054425
"Apr 27, 2020 to May 3, 2020 (Week 18)",4/27/2020,Minnesota,-0.903882887
"Apr 27, 2020 to May 3, 2020 (Week 18)",4/27/2020,New Jersey,-0.866898533
"Apr 27, 2020 to May 3, 2020 (Week 18)",4/27/2020,Mississippi,-0.880324728
"Apr 27, 2020 to May 3, 2020 (Week 18)",4/27/2020,Michigan,-0.851948643
"Apr 27, 2020 to May 3, 2020 (Week 18)",4/27/2020,Massachusetts,-0.906395474
"Apr 27, 2020 to May 3, 2020 (Week 18)",4/27/2020,Nebraska,-1.049197828
"Apr 27, 2020 to May 3, 2020 (Week 18)",4/27/2020,New Hampshire,-1.147023276
"Apr 27, 2020 to May 3, 2020 (Week 18)",4/27/2020,Missouri,-0.98059259
"May 4, 2020 to May 10, 2020 (Week 19)",5/4/2020,Nebraska,-1.005220827
"May 4, 2020 to May 10, 2020 (Week 19)",5/4/2020,New Hampshire,-1.090031525
"May 4, 2020 to May 10, 2020 (Week 19)",5/4/2020,New Jersey,-0.837485014
"May 4, 2020 to May 10, 2020 (Week 19)",5/4/2020,Missouri,-0.906747175
"May 4, 2020 to May 10, 2020 (Week 19)",5/4/2020,Michigan,-0.804953373
"May 4, 2020 to May 10, 2020 (Week 19)",5/4/2020,Minnesota,-0.86640622
"May 4, 2020 to May 10, 2020 (Week 19)",5/4/2020,Nevada,-0.519077577
"May 4, 2020 to May 10, 2020 (Week 19)",5/4/2020,Massachusetts,-0.881464257
"May 4, 2020 to May 10, 2020 (Week 19)",5/4/2020,Mississippi,-0.829659746
"May 4, 2020 to May 10, 2020 (Week 19)",5/4/2020,Montana,-0.784128551
"May 11, 2020 to May 17, 2020 (Week 20)",5/11/2020,Mississippi,-0.761277216
"May 11, 2020 to May 17, 2020 (Week 20)",5/11/2020,Montana,-0.738890613
"May 11, 2020 to May 17, 2020 (Week 20)",5/11/2020,Minnesota,-0.835575279
"May 11, 2020 to May 17, 2020 (Week 20)",5/11/2020,Nevada,-0.482089641
"May 11, 2020 to May 17, 2020 (Week 20)",5/11/2020,Michigan,-0.79045219
"May 11, 2020 to May 17, 2020 (Week 20)",5/11/2020,Nebraska,-0.971329983
"May 11, 2020 to May 17, 2020 (Week 20)",5/11/2020,New Jersey,-0.840657175
"May 11, 2020 to May 17, 2020 (Week 20)",5/11/2020,Missouri,-0.867829114
"May 11, 2020 to May 17, 2020 (Week 20)",5/11/2020,New Hampshire,-1.102624102
"May 11, 2020 to May 17, 2020 (Week 20)",5/11/2020,Massachusetts,-0.87432769
"May 18, 2020 to May 24, 2020 (Week 21)",5/18/2020,Mississippi,-0.665069112
"May 18, 2020 to May 24, 2020 (Week 21)",5/18/2020,Michigan,-0.673220207
"May 18, 2020 to May 24, 2020 (Week 21)",5/18/2020,Minnesota,-0.781321808
"May 18, 2020 to May 24, 2020 (Week 21)",5/18/2020,New Jersey,-0.795289861
"May 18, 2020 to May 24, 2020 (Week 21)",5/18/2020,Nevada,-0.403342441
"May 18, 2020 to May 24, 2020 (Week 21)",5/18/2020,Montana,-0.622685838
"May 18, 2020 to May 24, 2020 (Week 21)",5/18/2020,Massachusetts,-0.851368325
"May 18, 2020 to May 24, 2020 (Week 21)",5/18/2020,Missouri,-0.792825751
"May 18, 2020 to May 24, 2020 (Week 21)",5/18/2020,Nebraska,-0.918815897
"May 18, 2020 to May 24, 2020 (Week 21)",5/18/2020,New Hampshire,-1.034527616
"May 25, 2020 to May 31, 2020 (Week 22)",5/25/2020,Minnesota,-0.712453545
"May 25, 2020 to May 31, 2020 (Week 22)",5/25/2020,New Hampshire,-1.0057045
"May 25, 2020 to May 31, 2020 (Week 22)",5/25/2020,Nebraska,-0.848813047
"May 25, 2020 to May 31, 2020 (Week 22)",5/25/2020,Massachusetts,-0.842945438
"May 25, 2020 to May 31, 2020 (Week 22)",5/25/2020,Missouri,-0.71620113
"May 25, 2020 to May 31, 2020 (Week 22)",5/25/2020,Michigan,-0.656269698
"May 25, 2020 to May 31, 2020 (Week 22)",5/25/2020,Mississippi,-0.568056545
"May 25, 2020 to May 31, 2020 (Week 22)",5/25/2020,New Jersey,-0.791927148
"May 25, 2020 to May 31, 2020 (Week 22)",5/25/2020,Nevada,-0.428152287
"May 25, 2020 to May 31, 2020 (Week 22)",5/25/2020,Montana,-0.555885828
"Jun 1, 2020 to Jun 7, 2020 (Week 23)",6/1/2020,New Hampshire,-0.853690361
"Jun 1, 2020 to Jun 7, 2020 (Week 23)",6/1/2020,Nevada,-0.427986129
"Jun 1, 2020 to Jun 7, 2020 (Week 23)",6/1/2020,Nebraska,-0.738778642
"Jun 1, 2020 to Jun 7, 2020 (Week 23)",6/1/2020,Mississippi,-0.543590055
"Jun 1, 2020 to Jun 7, 2020 (Week 23)",6/1/2020,Michigan,-0.577844084
"Jun 1, 2020 to Jun 7, 2020 (Week 23)",6/1/2020,Minnesota,-0.693807007
"Jun 1, 2020 to Jun 7, 2020 (Week 23)",6/1/2020,New Jersey,-0.69458854
"Jun 1, 2020 to Jun 7, 2020 (Week 23)",6/1/2020,Missouri,-0.657102489
"Jun 1, 2020 to Jun 7, 2020 (Week 23)",6/1/2020,Montana,-0.428215582
"Jun 1, 2020 to Jun 7, 2020 (Week 23)",6/1/2020,Massachusetts,-0.777692353
"Jun 8, 2020 to Jun 14, 2020 (Week 24)",6/8/2020,Montana,-0.261530335
"Jun 8, 2020 to Jun 14, 2020 (Week 24)",6/8/2020,Mississippi,-0.367714401
"Jun 8, 2020 to Jun 14, 2020 (Week 24)",6/8/2020,New Jersey,-0.617640695
"Jun 8, 2020 to Jun 14, 2020 (Week 24)",6/8/2020,Massachusetts,-0.684350726
"Jun 8, 2020 to Jun 14, 2020 (Week 24)",6/8/2020,Missouri,-0.530989512
"Jun 8, 2020 to Jun 14, 2020 (Week 24)",6/8/2020,Minnesota,-0.569005702
"Jun 8, 2020 to Jun 14, 2020 (Week 24)",6/8/2020,Michigan,-0.408891098
"Jun 8, 2020 to Jun 14, 2020 (Week 24)",6/8/2020,Nebraska,-0.639020167
"Jun 8, 2020 to Jun 14, 2020 (Week 24)",6/8/2020,Nevada,-0.347161984
"Jun 8, 2020 to Jun 14, 2020 (Week 24)",6/8/2020,New Hampshire,-0.681916672
"Jun 15, 2020 to Jun 21, 2020 (Week 25)",6/15/2020,Nevada,-0.431744879
"Jun 15, 2020 to Jun 21, 2020 (Week 25)",6/15/2020,Montana,-0.514810657
"Jun 15, 2020 to Jun 21, 2020 (Week 25)",6/15/2020,Nebraska,-0.68776636
"Jun 15, 2020 to Jun 21, 2020 (Week 25)",6/15/2020,Mississippi,-0.519987464
"Jun 15, 2020 to Jun 21, 2020 (Week 25)",6/15/2020,New Hampshire,-0.732089978
"Jun 15, 2020 to Jun 21, 2020 (Week 25)",6/15/2020,Massachusetts,-0.694829403
"Jun 15, 2020 to Jun 21, 2020 (Week 25)",6/15/2020,Minnesota,-0.654697964
"Jun 15, 2020 to Jun 21, 2020 (Week 25)",6/15/2020,Michigan,-0.56024092
"Jun 15, 2020 to Jun 21, 2020 (Week 25)",6/15/2020,New Jersey,-0.689733845
"Jun 15, 2020 to Jun 21, 2020 (Week 25)",6/15/2020,Missouri,-0.606837119
"Jun 22, 2020 to Jun 28, 2020 (Week 26)",6/22/2020,Montana,-0.529239036
"Jun 22, 2020 to Jun 28, 2020 (Week 26)",6/22/2020,Nevada,-0.40405982
"Jun 22, 2020 to Jun 28, 2020 (Week 26)",6/22/2020,Nebraska,-0.640260353
"Jun 22, 2020 to Jun 28, 2020 (Week 26)",6/22/2020,Massachusetts,-0.653060727
"Jun 22, 2020 to Jun 28, 2020 (Week 26)",6/22/2020,Missouri,-0.588544592
"Jun 22, 2020 to Jun 28, 2020 (Week 26)",6/22/2020,Minnesota,-0.62637063
"Jun 22, 2020 to Jun 28, 2020 (Week 26)",6/22/2020,Mississippi,-0.480420689
"Jun 22, 2020 to Jun 28, 2020 (Week 26)",6/22/2020,Michigan,-0.505411851
"Jun 22, 2020 to Jun 28, 2020 (Week 26)",6/22/2020,New Hampshire,-0.675365439
"Jun 22, 2020 to Jun 28, 2020 (Week 26)",6/22/2020,New Jersey,-0.625244228
"Jun 29, 2020 to Jul 5, 2020 (Week 27)",6/29/2020,Montana,-0.448799293
"Jun 29, 2020 to Jul 5, 2020 (Week 27)",6/29/2020,Nevada,-0.344898891
"Jun 29, 2020 to Jul 5, 2020 (Week 27)",6/29/2020,Nebraska,-0.641431565
"Jun 29, 2020 to Jul 5, 2020 (Week 27)",6/29/2020,New Jersey,-0.602876857
"Jun 29, 2020 to Jul 5, 2020 (Week 27)",6/29/2020,Michigan,-0.490197072
"Jun 29, 2020 to Jul 5, 2020 (Week 27)",6/29/2020,Minnesota,-0.565300823
"Jun 29, 2020 to Jul 5, 2020 (Week 27)",6/29/2020,Mississippi,-0.572569414
"Jun 29, 2020 to Jul 5, 2020 (Week 27)",6/29/2020,New Hampshire,-0.708509054
"Jun 29, 2020 to Jul 5, 2020 (Week 27)",6/29/2020,Missouri,-0.615202563
"Jun 29, 2020 to Jul 5, 2020 (Week 27)",6/29/2020,Massachusetts,-0.623448593
"Jan 6, 2020 to Jan 12, 2020 (Week 2)",1/6/2020,Pennsylvania,-0.010233658
"Jan 6, 2020 to Jan 12, 2020 (Week 2)",1/6/2020,Ohio,-0.009531272
"Jan 6, 2020 to Jan 12, 2020 (Week 2)",1/6/2020,North Carolina,-0.014453234
"Jan 6, 2020 to Jan 12, 2020 (Week 2)",1/6/2020,Oregon,-0.010115071
"Jan 6, 2020 to Jan 12, 2020 (Week 2)",1/6/2020,North Dakota,-0.002875926
"Jan 6, 2020 to Jan 12, 2020 (Week 2)",1/6/2020,Oklahoma,-0.016761228
"Jan 6, 2020 to Jan 12, 2020 (Week 2)",1/6/2020,New Mexico,-0.007279147
"Jan 6, 2020 to Jan 12, 2020 (Week 2)",1/6/2020,New York,-0.000824702
"Jan 6, 2020 to Jan 12, 2020 (Week 2)",1/6/2020,South Carolina,-0.002207078
"Jan 6, 2020 to Jan 12, 2020 (Week 2)",1/6/2020,Rhode Island,0.012876026
"Jan 13, 2020 to Jan 19, 2020 (Week 3)",1/13/2020,Oklahoma,0.010982172
"Jan 13, 2020 to Jan 19, 2020 (Week 3)",1/13/2020,New Mexico,0.072940259
"Jan 13, 2020 to Jan 19, 2020 (Week 3)",1/13/2020,North Dakota,0.072785384
"Jan 13, 2020 to Jan 19, 2020 (Week 3)",1/13/2020,Pennsylvania,0.074502499
"Jan 13, 2020 to Jan 19, 2020 (Week 3)",1/13/2020,Oregon,0.043643643
"Jan 13, 2020 to Jan 19, 2020 (Week 3)",1/13/2020,North Carolina,0.057064229
"Jan 13, 2020 to Jan 19, 2020 (Week 3)",1/13/2020,South Carolina,0.108842139
"Jan 13, 2020 to Jan 19, 2020 (Week 3)",1/13/2020,Ohio,0.077411781
"Jan 13, 2020 to Jan 19, 2020 (Week 3)",1/13/2020,Rhode Island,0.032104414
"Jan 13, 2020 to Jan 19, 2020 (Week 3)",1/13/2020,New York,0.055613378
"Jan 20, 2020 to Jan 26, 2020 (Week 4)",1/20/2020,Oklahoma,0.017345382
"Jan 20, 2020 to Jan 26, 2020 (Week 4)",1/20/2020,North Dakota,0.047623241
"Jan 20, 2020 to Jan 26, 2020 (Week 4)",1/20/2020,New Mexico,0.070856129
"Jan 20, 2020 to Jan 26, 2020 (Week 4)",1/20/2020,New York,0.057497658
"Jan 20, 2020 to Jan 26, 2020 (Week 4)",1/20/2020,Ohio,0.044126658
"Jan 20, 2020 to Jan 26, 2020 (Week 4)",1/20/2020,Oregon,0.044948257
"Jan 20, 2020 to Jan 26, 2020 (Week 4)",1/20/2020,Pennsylvania,0.034453597
"Jan 20, 2020 to Jan 26, 2020 (Week 4)",1/20/2020,Rhode Island,-0.086759318
"Jan 20, 2020 to Jan 26, 2020 (Week 4)",1/20/2020,North Carolina,0.04844211
"Jan 20, 2020 to Jan 26, 2020 (Week 4)",1/20/2020,South Carolina,0.062672662
"Jan 27, 2020 to Feb 2, 2020 (Week 5)",1/27/2020,Oklahoma,-0.009207738
"Jan 27, 2020 to Feb 2, 2020 (Week 5)",1/27/2020,Ohio,-0.027157828
"Jan 27, 2020 to Feb 2, 2020 (Week 5)",1/27/2020,New York,0.041589153
"Jan 27, 2020 to Feb 2, 2020 (Week 5)",1/27/2020,South Carolina,0.025663173
"Jan 27, 2020 to Feb 2, 2020 (Week 5)",1/27/2020,Oregon,-0.010464004
"Jan 27, 2020 to Feb 2, 2020 (Week 5)",1/27/2020,North Carolina,0.016446594
"Jan 27, 2020 to Feb 2, 2020 (Week 5)",1/27/2020,New Mexico,-0.003396052
"Jan 27, 2020 to Feb 2, 2020 (Week 5)",1/27/2020,North Dakota,0.102585894
"Jan 27, 2020 to Feb 2, 2020 (Week 5)",1/27/2020,Pennsylvania,-0.010979064
"Jan 27, 2020 to Feb 2, 2020 (Week 5)",1/27/2020,Rhode Island,-0.056084285
"Feb 3, 2020 to Feb 9, 2020 (Week 6)",2/3/2020,Rhode Island,-0.032248033
"Feb 3, 2020 to Feb 9, 2020 (Week 6)",2/3/2020,Ohio,0.07886134
"Feb 3, 2020 to Feb 9, 2020 (Week 6)",2/3/2020,North Dakota,0.206562565
"Feb 3, 2020 to Feb 9, 2020 (Week 6)",2/3/2020,New York,0.105378654
"Feb 3, 2020 to Feb 9, 2020 (Week 6)",2/3/2020,Oklahoma,0.019126825
"Feb 3, 2020 to Feb 9, 2020 (Week 6)",2/3/2020,North Carolina,0.062822415
"Feb 3, 2020 to Feb 9, 2020 (Week 6)",2/3/2020,South Carolina,0.05474284
"Feb 3, 2020 to Feb 9, 2020 (Week 6)",2/3/2020,Oregon,0.0662587
"Feb 3, 2020 to Feb 9, 2020 (Week 6)",2/3/2020,New Mexico,0.101129317
"Feb 3, 2020 to Feb 9, 2020 (Week 6)",2/3/2020,Pennsylvania,0.038803513
"Feb 10, 2020 to Feb 16, 2020 (Week 7)",2/10/2020,South Carolina,0.115347458
"Feb 10, 2020 to Feb 16, 2020 (Week 7)",2/10/2020,Oregon,0.109006647
"Feb 10, 2020 to Feb 16, 2020 (Week 7)",2/10/2020,Rhode Island,0.100647673
"Feb 10, 2020 to Feb 16, 2020 (Week 7)",2/10/2020,Oklahoma,0.023738118
"Feb 10, 2020 to Feb 16, 2020 (Week 7)",2/10/2020,New York,0.129965813
"Feb 10, 2020 to Feb 16, 2020 (Week 7)",2/10/2020,North Dakota,0.132265427
"Feb 10, 2020 to Feb 16, 2020 (Week 7)",2/10/2020,North Carolina,0.09626461
"Feb 10, 2020 to Feb 16, 2020 (Week 7)",2/10/2020,New Mexico,0.136022105
"Feb 10, 2020 to Feb 16, 2020 (Week 7)",2/10/2020,Pennsylvania,0.076445484
"Feb 10, 2020 to Feb 16, 2020 (Week 7)",2/10/2020,Ohio,0.089865888
"Feb 17, 2020 to Feb 23, 2020 (Week 8)",2/17/2020,Rhode Island,0.035339403
"Feb 17, 2020 to Feb 23, 2020 (Week 8)",2/17/2020,Oklahoma,0.021229452
"Feb 17, 2020 to Feb 23, 2020 (Week 8)",2/17/2020,New York,0.109772337
"Feb 17, 2020 to Feb 23, 2020 (Week 8)",2/17/2020,North Carolina,0.087447155
"Feb 17, 2020 to Feb 23, 2020 (Week 8)",2/17/2020,Oregon,0.097481009
"Feb 17, 2020 to Feb 23, 2020 (Week 8)",2/17/2020,Pennsylvania,0.035741459
"Feb 17, 2020 to Feb 23, 2020 (Week 8)",2/17/2020,South Carolina,0.105242522
"Feb 17, 2020 to Feb 23, 2020 (Week 8)",2/17/2020,Ohio,0.053825216
"Feb 17, 2020 to Feb 23, 2020 (Week 8)",2/17/2020,North Dakota,0.121544399
"Feb 17, 2020 to Feb 23, 2020 (Week 8)",2/17/2020,New Mexico,0.057000329
"Feb 24, 2020 to Mar 1, 2020 (Week 9)",2/24/2020,Rhode Island,-0.078309637
"Feb 24, 2020 to Mar 1, 2020 (Week 9)",2/24/2020,Oklahoma,-0.050943958
"Feb 24, 2020 to Mar 1, 2020 (Week 9)",2/24/2020,New Mexico,0.045449773
"Feb 24, 2020 to Mar 1, 2020 (Week 9)",2/24/2020,Pennsylvania,-0.028982135
"Feb 24, 2020 to Mar 1, 2020 (Week 9)",2/24/2020,New York,0.031632068
"Feb 24, 2020 to Mar 1, 2020 (Week 9)",2/24/2020,Ohio,-0.012192978
"Feb 24, 2020 to Mar 1, 2020 (Week 9)",2/24/2020,North Carolina,0.060036522
"Feb 24, 2020 to Mar 1, 2020 (Week 9)",2/24/2020,North Dakota,0.026680587
"Feb 24, 2020 to Mar 1, 2020 (Week 9)",2/24/2020,South Carolina,0.037195298
"Feb 24, 2020 to Mar 1, 2020 (Week 9)",2/24/2020,Oregon,0.028489321
"Mar 2, 2020 to Mar 8, 2020 (Week 10)",3/2/2020,North Carolina,-0.059900224
"Mar 2, 2020 to Mar 8, 2020 (Week 10)",3/2/2020,Rhode Island,-0.241018013
"Mar 2, 2020 to Mar 8, 2020 (Week 10)",3/2/2020,South Carolina,0.008985094
"Mar 2, 2020 to Mar 8, 2020 (Week 10)",3/2/2020,North Dakota,-0.084873771
"Mar 2, 2020 to Mar 8, 2020 (Week 10)",3/2/2020,New York,-0.067159297
"Mar 2, 2020 to Mar 8, 2020 (Week 10)",3/2/2020,New Mexico,-0.057446021
"Mar 2, 2020 to Mar 8, 2020 (Week 10)",3/2/2020,Ohio,-0.069078272
"Mar 2, 2020 to Mar 8, 2020 (Week 10)",3/2/2020,Pennsylvania,-0.103784581
"Mar 2, 2020 to Mar 8, 2020 (Week 10)",3/2/2020,Oklahoma,-0.144149081
"Mar 2, 2020 to Mar 8, 2020 (Week 10)",3/2/2020,Oregon,-0.089212063
"Mar 9, 2020 to Mar 15, 2020 (Week 11)",3/9/2020,South Carolina,-0.236518616
"Mar 9, 2020 to Mar 15, 2020 (Week 11)",3/9/2020,Pennsylvania,-0.4787099
"Mar 9, 2020 to Mar 15, 2020 (Week 11)",3/9/2020,New Mexico,-0.333587308
"Mar 9, 2020 to Mar 15, 2020 (Week 11)",3/9/2020,New York,-0.391240406
"Mar 9, 2020 to Mar 15, 2020 (Week 11)",3/9/2020,Oklahoma,-0.461351028
"Mar 9, 2020 to Mar 15, 2020 (Week 11)",3/9/2020,North Dakota,-0.390709847
"Mar 9, 2020 to Mar 15, 2020 (Week 11)",3/9/2020,Oregon,-0.388517123
"Mar 9, 2020 to Mar 15, 2020 (Week 11)",3/9/2020,Rhode Island,-0.435228037
"Mar 9, 2020 to Mar 15, 2020 (Week 11)",3/9/2020,North Carolina,-0.387790187
"Mar 9, 2020 to Mar 15, 2020 (Week 11)",3/9/2020,Ohio,-0.437346328
"Mar 16, 2020 to Mar 22, 2020 (Week 12)",3/16/2020,North Dakota,-1.038661276
"Mar 16, 2020 to Mar 22, 2020 (Week 12)",3/16/2020,New Mexico,-0.633523894
"Mar 16, 2020 to Mar 22, 2020 (Week 12)",3/16/2020,Rhode Island,-0.952988701
"Mar 16, 2020 to Mar 22, 2020 (Week 12)",3/16/2020,Oklahoma,-0.891317185
"Mar 16, 2020 to Mar 22, 2020 (Week 12)",3/16/2020,Oregon,-0.883027245
"Mar 16, 2020 to Mar 22, 2020 (Week 12)",3/16/2020,South Carolina,-0.711237786
"Mar 16, 2020 to Mar 22, 2020 (Week 12)",3/16/2020,New York,-0.862514121
"Mar 16, 2020 to Mar 22, 2020 (Week 12)",3/16/2020,Pennsylvania,-0.949767669
"Mar 16, 2020 to Mar 22, 2020 (Week 12)",3/16/2020,North Carolina,-0.836293265
"Mar 16, 2020 to Mar 22, 2020 (Week 12)",3/16/2020,Ohio,-0.900302589
"Mar 23, 2020 to Mar 29, 2020 (Week 13)",3/23/2020,Rhode Island,-0.969463062
"Mar 23, 2020 to Mar 29, 2020 (Week 13)",3/23/2020,New Mexico,-0.83960266
"Mar 23, 2020 to Mar 29, 2020 (Week 13)",3/23/2020,South Carolina,-0.826578225
"Mar 23, 2020 to Mar 29, 2020 (Week 13)",3/23/2020,Ohio,-0.991791083
"Mar 23, 2020 to Mar 29, 2020 (Week 13)",3/23/2020,Oklahoma,-0.987078868
"Mar 23, 2020 to Mar 29, 2020 (Week 13)",3/23/2020,Oregon,-0.994687194
"Mar 23, 2020 to Mar 29, 2020 (Week 13)",3/23/2020,New York,-0.955494673
"Mar 23, 2020 to Mar 29, 2020 (Week 13)",3/23/2020,Pennsylvania,-1.033544426
"Mar 23, 2020 to Mar 29, 2020 (Week 13)",3/23/2020,North Dakota,-1.154528319
"Mar 23, 2020 to Mar 29, 2020 (Week 13)",3/23/2020,North Carolina,-0.941596496
"Mar 30, 2020 to Apr 5, 2020 (Week 14)",3/30/2020,Rhode Island,-0.956888531
"Mar 30, 2020 to Apr 5, 2020 (Week 14)",3/30/2020,New Mexico,-0.893969208
"Mar 30, 2020 to Apr 5, 2020 (Week 14)",3/30/2020,Oklahoma,-1.003678627
"Mar 30, 2020 to Apr 5, 2020 (Week 14)",3/30/2020,New York,-0.971791651
"Mar 30, 2020 to Apr 5, 2020 (Week 14)",3/30/2020,North Carolina,-0.952603717
"Mar 30, 2020 to Apr 5, 2020 (Week 14)",3/30/2020,Ohio,-0.997408656
"Mar 30, 2020 to Apr 5, 2020 (Week 14)",3/30/2020,Pennsylvania,-1.039497671
"Mar 30, 2020 to Apr 5, 2020 (Week 14)",3/30/2020,Oregon,-1.004580684
"Mar 30, 2020 to Apr 5, 2020 (Week 14)",3/30/2020,South Carolina,-0.862830721
"Mar 30, 2020 to Apr 5, 2020 (Week 14)",3/30/2020,North Dakota,-1.160770894
"Apr 6, 2020 to Apr 12, 2020 (Week 15)",4/6/2020,Ohio,-0.998132393
"Apr 6, 2020 to Apr 12, 2020 (Week 15)",4/6/2020,Rhode Island,-0.956954161
"Apr 6, 2020 to Apr 12, 2020 (Week 15)",4/6/2020,New Mexico,-0.921806069
"Apr 6, 2020 to Apr 12, 2020 (Week 15)",4/6/2020,Oregon,-1.00681087
"Apr 6, 2020 to Apr 12, 2020 (Week 15)",4/6/2020,New York,-0.97052091
"Apr 6, 2020 to Apr 12, 2020 (Week 15)",4/6/2020,Oklahoma,-1.023193923
"Apr 6, 2020 to Apr 12, 2020 (Week 15)",4/6/2020,Pennsylvania,-1.046861501
"Apr 6, 2020 to Apr 12, 2020 (Week 15)",4/6/2020,South Carolina,-0.872654871
"Apr 6, 2020 to Apr 12, 2020 (Week 15)",4/6/2020,North Dakota,-1.162894832
"Apr 6, 2020 to Apr 12, 2020 (Week 15)",4/6/2020,North Carolina,-0.969019846
"Apr 13, 2020 to Apr 19, 2020 (Week 16)",4/13/2020,South Carolina,-0.835057326
"Apr 13, 2020 to Apr 19, 2020 (Week 16)",4/13/2020,Rhode Island,-0.986611376
"Apr 13, 2020 to Apr 19, 2020 (Week 16)",4/13/2020,Ohio,-0.972819894
"Apr 13, 2020 to Apr 19, 2020 (Week 16)",4/13/2020,New Mexico,-0.885425625
"Apr 13, 2020 to Apr 19, 2020 (Week 16)",4/13/2020,New York,-0.942603295
"Apr 13, 2020 to Apr 19, 2020 (Week 16)",4/13/2020,Pennsylvania,-1.018567599
"Apr 13, 2020 to Apr 19, 2020 (Week 16)",4/13/2020,North Carolina,-0.92318344
"Apr 13, 2020 to Apr 19, 2020 (Week 16)",4/13/2020,North Dakota,-1.123198581
"Apr 13, 2020 to Apr 19, 2020 (Week 16)",4/13/2020,Oregon,-0.966232064
"Apr 13, 2020 to Apr 19, 2020 (Week 16)",4/13/2020,Oklahoma,-0.983164195
"Apr 20, 2020 to Apr 26, 2020 (Week 17)",4/20/2020,Rhode Island,-1.017261477
"Apr 20, 2020 to Apr 26, 2020 (Week 17)",4/20/2020,New Mexico,-0.839105034
"Apr 20, 2020 to Apr 26, 2020 (Week 17)",4/20/2020,North Dakota,-1.114584374
"Apr 20, 2020 to Apr 26, 2020 (Week 17)",4/20/2020,North Carolina,-0.922395564
"Apr 20, 2020 to Apr 26, 2020 (Week 17)",4/20/2020,New York,-0.932878319
"Apr 20, 2020 to Apr 26, 2020 (Week 17)",4/20/2020,Pennsylvania,-1.013171739
"Apr 20, 2020 to Apr 26, 2020 (Week 17)",4/20/2020,South Carolina,-0.809866068
"Apr 20, 2020 to Apr 26, 2020 (Week 17)",4/20/2020,Ohio,-0.958933517
"Apr 20, 2020 to Apr 26, 2020 (Week 17)",4/20/2020,Oklahoma,-0.969092656
"Apr 20, 2020 to Apr 26, 2020 (Week 17)",4/20/2020,Oregon,-0.955537078
"Apr 27, 2020 to May 3, 2020 (Week 18)",4/27/2020,North Dakota,-1.063703246
"Apr 27, 2020 to May 3, 2020 (Week 18)",4/27/2020,Oklahoma,-0.911870345
"Apr 27, 2020 to May 3, 2020 (Week 18)",4/27/2020,South Carolina,-0.719916575
"Apr 27, 2020 to May 3, 2020 (Week 18)",4/27/2020,Pennsylvania,-0.98856882
"Apr 27, 2020 to May 3, 2020 (Week 18)",4/27/2020,New Mexico,-0.804444112
"Apr 27, 2020 to May 3, 2020 (Week 18)",4/27/2020,Oregon,-0.93127312
"Apr 27, 2020 to May 3, 2020 (Week 18)",4/27/2020,Rhode Island,-0.991138461
"Apr 27, 2020 to May 3, 2020 (Week 18)",4/27/2020,Ohio,-0.91376307
"Apr 27, 2020 to May 3, 2020 (Week 18)",4/27/2020,New York,-0.911787363
"Apr 27, 2020 to May 3, 2020 (Week 18)",4/27/2020,North Carolina,-0.871843196
"May 4, 2020 to May 10, 2020 (Week 19)",5/4/2020,North Carolina,-0.805865207
"May 4, 2020 to May 10, 2020 (Week 19)",5/4/2020,North Dakota,-1.003732937
"May 4, 2020 to May 10, 2020 (Week 19)",5/4/2020,New York,-0.879141215
"May 4, 2020 to May 10, 2020 (Week 19)",5/4/2020,South Carolina,-0.621676165
"May 4, 2020 to May 10, 2020 (Week 19)",5/4/2020,Oklahoma,-0.862748872
"May 4, 2020 to May 10, 2020 (Week 19)",5/4/2020,Pennsylvania,-0.925897217
"May 4, 2020 to May 10, 2020 (Week 19)",5/4/2020,New Mexico,-0.751744336
"May 4, 2020 to May 10, 2020 (Week 19)",5/4/2020,Oregon,-0.905888547
"May 4, 2020 to May 10, 2020 (Week 19)",5/4/2020,Rhode Island,-0.959746695
"May 4, 2020 to May 10, 2020 (Week 19)",5/4/2020,Ohio,-0.845493822
"May 11, 2020 to May 17, 2020 (Week 20)",5/11/2020,Rhode Island,-0.940256207
"May 11, 2020 to May 17, 2020 (Week 20)",5/11/2020,Oregon,-0.874092819
"May 11, 2020 to May 17, 2020 (Week 20)",5/11/2020,Oklahoma,-0.818653084
"May 11, 2020 to May 17, 2020 (Week 20)",5/11/2020,New Mexico,-0.715797515
"May 11, 2020 to May 17, 2020 (Week 20)",5/11/2020,North Carolina,-0.771435146
"May 11, 2020 to May 17, 2020 (Week 20)",5/11/2020,Ohio,-0.806759826
"May 11, 2020 to May 17, 2020 (Week 20)",5/11/2020,South Carolina,-0.557182418
"May 11, 2020 to May 17, 2020 (Week 20)",5/11/2020,New York,-0.862264314
"May 11, 2020 to May 17, 2020 (Week 20)",5/11/2020,Pennsylvania,-0.93893672
"May 11, 2020 to May 17, 2020 (Week 20)",5/11/2020,North Dakota,-0.94573108
"May 18, 2020 to May 24, 2020 (Week 21)",5/18/2020,Rhode Island,-0.865607206
"May 18, 2020 to May 24, 2020 (Week 21)",5/18/2020,North Carolina,-0.690863782
"May 18, 2020 to May 24, 2020 (Week 21)",5/18/2020,New York,-0.817526381
"May 18, 2020 to May 24, 2020 (Week 21)",5/18/2020,Ohio,-0.740051868
"May 18, 2020 to May 24, 2020 (Week 21)",5/18/2020,South Carolina,-0.432572396
"May 18, 2020 to May 24, 2020 (Week 21)",5/18/2020,North Dakota,-0.874867996
"May 18, 2020 to May 24, 2020 (Week 21)",5/18/2020,New Mexico,-0.664672294
"May 18, 2020 to May 24, 2020 (Week 21)",5/18/2020,Oregon,-0.803367171
"May 18, 2020 to May 24, 2020 (Week 21)",5/18/2020,Pennsylvania,-0.877980265
"May 18, 2020 to May 24, 2020 (Week 21)",5/18/2020,Oklahoma,-0.721727572
"May 25, 2020 to May 31, 2020 (Week 22)",5/25/2020,Rhode Island,-0.86013975
"May 25, 2020 to May 31, 2020 (Week 22)",5/25/2020,Oregon,-0.770945633
"May 25, 2020 to May 31, 2020 (Week 22)",5/25/2020,Oklahoma,-0.65904095
"May 25, 2020 to May 31, 2020 (Week 22)",5/25/2020,New York,-0.782811633
"May 25, 2020 to May 31, 2020 (Week 22)",5/25/2020,North Dakota,-0.800221455
"May 25, 2020 to May 31, 2020 (Week 22)",5/25/2020,Pennsylvania,-0.839840677
"May 25, 2020 to May 31, 2020 (Week 22)",5/25/2020,Ohio,-0.675491243
"May 25, 2020 to May 31, 2020 (Week 22)",5/25/2020,New Mexico,-0.641666697
"May 25, 2020 to May 31, 2020 (Week 22)",5/25/2020,South Carolina,-0.418068627
"May 25, 2020 to May 31, 2020 (Week 22)",5/25/2020,North Carolina,-0.643370457
"Jun 1, 2020 to Jun 7, 2020 (Week 23)",6/1/2020,Oregon,-0.751738269
"Jun 1, 2020 to Jun 7, 2020 (Week 23)",6/1/2020,North Dakota,-0.741660677
"Jun 1, 2020 to Jun 7, 2020 (Week 23)",6/1/2020,South Carolina,-0.353122102
"Jun 1, 2020 to Jun 7, 2020 (Week 23)",6/1/2020,Rhode Island,-0.79029525
"Jun 1, 2020 to Jun 7, 2020 (Week 23)",6/1/2020,New York,-0.746443183
"Jun 1, 2020 to Jun 7, 2020 (Week 23)",6/1/2020,New Mexico,-0.620534324
"Jun 1, 2020 to Jun 7, 2020 (Week 23)",6/1/2020,Pennsylvania,-0.781265169
"Jun 1, 2020 to Jun 7, 2020 (Week 23)",6/1/2020,Oklahoma,-0.588868207
"Jun 1, 2020 to Jun 7, 2020 (Week 23)",6/1/2020,Ohio,-0.630641145
"Jun 1, 2020 to Jun 7, 2020 (Week 23)",6/1/2020,North Carolina,-0.585457055
"Jun 8, 2020 to Jun 14, 2020 (Week 24)",6/8/2020,North Carolina,-0.453876748
"Jun 8, 2020 to Jun 14, 2020 (Week 24)",6/8/2020,North Dakota,-0.619798643
"Jun 8, 2020 to Jun 14, 2020 (Week 24)",6/8/2020,Oklahoma,-0.465050947
"Jun 8, 2020 to Jun 14, 2020 (Week 24)",6/8/2020,Rhode Island,-0.651731575
"Jun 8, 2020 to Jun 14, 2020 (Week 24)",6/8/2020,New York,-0.63390972
"Jun 8, 2020 to Jun 14, 2020 (Week 24)",6/8/2020,Pennsylvania,-0.668354878
"Jun 8, 2020 to Jun 14, 2020 (Week 24)",6/8/2020,South Carolina,-0.248167837
"Jun 8, 2020 to Jun 14, 2020 (Week 24)",6/8/2020,New Mexico,-0.50644053
"Jun 8, 2020 to Jun 14, 2020 (Week 24)",6/8/2020,Oregon,-0.625317683
"Jun 8, 2020 to Jun 14, 2020 (Week 24)",6/8/2020,Ohio,-0.486036659
"Jun 15, 2020 to Jun 21, 2020 (Week 25)",6/15/2020,Rhode Island,-0.746229026
"Jun 15, 2020 to Jun 21, 2020 (Week 25)",6/15/2020,Pennsylvania,-0.725108329
"Jun 15, 2020 to Jun 21, 2020 (Week 25)",6/15/2020,North Dakota,-0.749468683
"Jun 15, 2020 to Jun 21, 2020 (Week 25)",6/15/2020,Ohio,-0.560750521
"Jun 15, 2020 to Jun 21, 2020 (Week 25)",6/15/2020,New Mexico,-0.602063468
"Jun 15, 2020 to Jun 21, 2020 (Week 25)",6/15/2020,New York,-0.707516252
"Jun 15, 2020 to Jun 21, 2020 (Week 25)",6/15/2020,Oregon,-0.691549545
"Jun 15, 2020 to Jun 21, 2020 (Week 25)",6/15/2020,North Carolina,-0.596161675
"Jun 15, 2020 to Jun 21, 2020 (Week 25)",6/15/2020,Oklahoma,-0.624206741
"Jun 15, 2020 to Jun 21, 2020 (Week 25)",6/15/2020,South Carolina,-0.479786619
"Jun 22, 2020 to Jun 28, 2020 (Week 26)",6/22/2020,Rhode Island,-0.683920268
"Jun 22, 2020 to Jun 28, 2020 (Week 26)",6/22/2020,New Mexico,-0.575103809
"Jun 22, 2020 to Jun 28, 2020 (Week 26)",6/22/2020,South Carolina,-0.439592655
"Jun 22, 2020 to Jun 28, 2020 (Week 26)",6/22/2020,North Dakota,-0.706660759
"Jun 22, 2020 to Jun 28, 2020 (Week 26)",6/22/2020,Pennsylvania,-0.680357836
"Jun 22, 2020 to Jun 28, 2020 (Week 26)",6/22/2020,Ohio,-0.530826708
"Jun 22, 2020 to Jun 28, 2020 (Week 26)",6/22/2020,Oregon,-0.642320521
"Jun 22, 2020 to Jun 28, 2020 (Week 26)",6/22/2020,New York,-0.658043952
"Jun 22, 2020 to Jun 28, 2020 (Week 26)",6/22/2020,North Carolina,-0.581230979
"Jun 22, 2020 to Jun 28, 2020 (Week 26)",6/22/2020,Oklahoma,-0.639330726
"Jun 29, 2020 to Jul 5, 2020 (Week 27)",6/29/2020,Rhode Island,-0.594569851
"Jun 29, 2020 to Jul 5, 2020 (Week 27)",6/29/2020,North Dakota,-0.647080961
"Jun 29, 2020 to Jul 5, 2020 (Week 27)",6/29/2020,South Carolina,-0.457498826
"Jun 29, 2020 to Jul 5, 2020 (Week 27)",6/29/2020,New Mexico,-0.537427254
"Jun 29, 2020 to Jul 5, 2020 (Week 27)",6/29/2020,Ohio,-0.55330466
"Jun 29, 2020 to Jul 5, 2020 (Week 27)",6/29/2020,Oregon,-0.649275702
"Jun 29, 2020 to Jul 5, 2020 (Week 27)",6/29/2020,Pennsylvania,-0.672273908
"Jun 29, 2020 to Jul 5, 2020 (Week 27)",6/29/2020,Oklahoma,-0.643666655
"Jun 29, 2020 to Jul 5, 2020 (Week 27)",6/29/2020,North Carolina,-0.59871891
"Jun 29, 2020 to Jul 5, 2020 (Week 27)",6/29/2020,New York,-0.611423631
"Jan 6, 2020 to Jan 12, 2020 (Week 2)",1/6/2020,Virginia,0.0004205
"Jan 6, 2020 to Jan 12, 2020 (Week 2)",1/6/2020,Utah,-0.007642199
"Jan 6, 2020 to Jan 12, 2020 (Week 2)",1/6/2020,Vermont,-0.013681926
"Jan 6, 2020 to Jan 12, 2020 (Week 2)",1/6/2020,Texas,-0.007566146
"Jan 6, 2020 to Jan 12, 2020 (Week 2)",1/6/2020,Washington,-0.001694832
"Jan 6, 2020 to Jan 12, 2020 (Week 2)",1/6/2020,Tennessee,-0.004606475
"Jan 6, 2020 to Jan 12, 2020 (Week 2)",1/6/2020,West Virginia,-0.010869727
"Jan 6, 2020 to Jan 12, 2020 (Week 2)",1/6/2020,South Dakota,-0.007371458
"Jan 6, 2020 to Jan 12, 2020 (Week 2)",1/6/2020,Wisconsin,-0.003943415
"Jan 13, 2020 to Jan 19, 2020 (Week 3)",1/13/2020,West Virginia,0.032610847
"Jan 13, 2020 to Jan 19, 2020 (Week 3)",1/13/2020,Vermont,-0.021604593
"Jan 13, 2020 to Jan 19, 2020 (Week 3)",1/13/2020,Tennessee,0.080682956
"Jan 13, 2020 to Jan 19, 2020 (Week 3)",1/13/2020,Utah,0.069205174
"Jan 13, 2020 to Jan 19, 2020 (Week 3)",1/13/2020,Virginia,0.083988498
"Jan 13, 2020 to Jan 19, 2020 (Week 3)",1/13/2020,Washington,0.047815131
"Jan 13, 2020 to Jan 19, 2020 (Week 3)",1/13/2020,South Dakota,0.110421568
"Jan 13, 2020 to Jan 19, 2020 (Week 3)",1/13/2020,Texas,0.086029336
"Jan 13, 2020 to Jan 19, 2020 (Week 3)",1/13/2020,Wisconsin,0.018585187
"Jan 20, 2020 to Jan 26, 2020 (Week 4)",1/20/2020,West Virginia,-0.006682685
"Jan 20, 2020 to Jan 26, 2020 (Week 4)",1/20/2020,Virginia,0.063451139
"Jan 20, 2020 to Jan 26, 2020 (Week 4)",1/20/2020,Washington,0.025773108
"Jan 20, 2020 to Jan 26, 2020 (Week 4)",1/20/2020,South Dakota,0.034739392
"Jan 20, 2020 to Jan 26, 2020 (Week 4)",1/20/2020,Wisconsin,-0.024306808
"Jan 20, 2020 to Jan 26, 2020 (Week 4)",1/20/2020,Texas,0.066547338
"Jan 20, 2020 to Jan 26, 2020 (Week 4)",1/20/2020,Utah,0.080715807
"Jan 20, 2020 to Jan 26, 2020 (Week 4)",1/20/2020,Tennessee,0.025926201
"Jan 20, 2020 to Jan 26, 2020 (Week 4)",1/20/2020,Vermont,0.020852054
"Jan 27, 2020 to Feb 2, 2020 (Week 5)",1/27/2020,Tennessee,0.060536018
"Jan 27, 2020 to Feb 2, 2020 (Week 5)",1/27/2020,Vermont,-0.098202455
"Jan 27, 2020 to Feb 2, 2020 (Week 5)",1/27/2020,West Virginia,-0.089774476
"Jan 27, 2020 to Feb 2, 2020 (Week 5)",1/27/2020,Wisconsin,0.023260905
"Jan 27, 2020 to Feb 2, 2020 (Week 5)",1/27/2020,Texas,0.032508986
"Jan 27, 2020 to Feb 2, 2020 (Week 5)",1/27/2020,Washington,-0.048189543
"Jan 27, 2020 to Feb 2, 2020 (Week 5)",1/27/2020,Utah,-0.036910193
"Jan 27, 2020 to Feb 2, 2020 (Week 5)",1/27/2020,Virginia,0.039977686
"Jan 27, 2020 to Feb 2, 2020 (Week 5)",1/27/2020,South Dakota,-0.00350304
"Feb 3, 2020 to Feb 9, 2020 (Week 6)",2/3/2020,Tennessee,0.013117547
"Feb 3, 2020 to Feb 9, 2020 (Week 6)",2/3/2020,Washington,-0.005572253
"Feb 3, 2020 to Feb 9, 2020 (Week 6)",2/3/2020,Vermont,0.045198982
"Feb 3, 2020 to Feb 9, 2020 (Week 6)",2/3/2020,Virginia,0.058681338
"Feb 3, 2020 to Feb 9, 2020 (Week 6)",2/3/2020,Texas,0.070789906
"Feb 3, 2020 to Feb 9, 2020 (Week 6)",2/3/2020,South Dakota,0.087355014
"Feb 3, 2020 to Feb 9, 2020 (Week 6)",2/3/2020,West Virginia,-0.008141098
"Feb 3, 2020 to Feb 9, 2020 (Week 6)",2/3/2020,Wisconsin,0.029079737
"Feb 3, 2020 to Feb 9, 2020 (Week 6)",2/3/2020,Utah,0.049967751
"Feb 10, 2020 to Feb 16, 2020 (Week 7)",2/10/2020,Wisconsin,0.035307789
"Feb 10, 2020 to Feb 16, 2020 (Week 7)",2/10/2020,Virginia,0.072391855
"Feb 10, 2020 to Feb 16, 2020 (Week 7)",2/10/2020,Utah,0.021709988
"Feb 10, 2020 to Feb 16, 2020 (Week 7)",2/10/2020,Vermont,-0.044498143
"Feb 10, 2020 to Feb 16, 2020 (Week 7)",2/10/2020,West Virginia,-0.052362235
"Feb 10, 2020 to Feb 16, 2020 (Week 7)",2/10/2020,Texas,0.086168285
"Feb 10, 2020 to Feb 16, 2020 (Week 7)",2/10/2020,Tennessee,0.071401064
"Feb 10, 2020 to Feb 16, 2020 (Week 7)",2/10/2020,South Dakota,0.180523804
"Feb 10, 2020 to Feb 16, 2020 (Week 7)",2/10/2020,Washington,0.063269432
"Feb 17, 2020 to Feb 23, 2020 (Week 8)",2/17/2020,Wisconsin,0.036156823
"Feb 17, 2020 to Feb 23, 2020 (Week 8)",2/17/2020,Utah,0.044877399
"Feb 17, 2020 to Feb 23, 2020 (Week 8)",2/17/2020,West Virginia,-0.010786999
"Feb 17, 2020 to Feb 23, 2020 (Week 8)",2/17/2020,Tennessee,0.030042402
"Feb 17, 2020 to Feb 23, 2020 (Week 8)",2/17/2020,South Dakota,0.087300619
"Feb 17, 2020 to Feb 23, 2020 (Week 8)",2/17/2020,Texas,0.069366095
"Feb 17, 2020 to Feb 23, 2020 (Week 8)",2/17/2020,Virginia,0.049663457
"Feb 17, 2020 to Feb 23, 2020 (Week 8)",2/17/2020,Washington,0.06126341
"Feb 17, 2020 to Feb 23, 2020 (Week 8)",2/17/2020,Vermont,-0.003740661
"Feb 24, 2020 to Mar 1, 2020 (Week 9)",2/24/2020,Texas,0.048379769
"Feb 24, 2020 to Mar 1, 2020 (Week 9)",2/24/2020,Washington,-0.016084401
"Feb 24, 2020 to Mar 1, 2020 (Week 9)",2/24/2020,Wisconsin,-0.043126398
"Feb 24, 2020 to Mar 1, 2020 (Week 9)",2/24/2020,Utah,-0.045832205
"Feb 24, 2020 to Mar 1, 2020 (Week 9)",2/24/2020,West Virginia,-0.148800916
"Feb 24, 2020 to Mar 1, 2020 (Week 9)",2/24/2020,Virginia,0.020897556
"Feb 24, 2020 to Mar 1, 2020 (Week 9)",2/24/2020,Vermont,-0.06350367
"Feb 24, 2020 to Mar 1, 2020 (Week 9)",2/24/2020,South Dakota,0.033736331
"Feb 24, 2020 to Mar 1, 2020 (Week 9)",2/24/2020,Tennessee,0.0353742
"Mar 2, 2020 to Mar 8, 2020 (Week 10)",3/2/2020,West Virginia,-0.202735024
"Mar 2, 2020 to Mar 8, 2020 (Week 10)",3/2/2020,Texas,-0.041561452
"Mar 2, 2020 to Mar 8, 2020 (Week 10)",3/2/2020,Washington,-0.23538868
"Mar 2, 2020 to Mar 8, 2020 (Week 10)",3/2/2020,Utah,-0.165214909
"Mar 2, 2020 to Mar 8, 2020 (Week 10)",3/2/2020,Vermont,-0.243453179
"Mar 2, 2020 to Mar 8, 2020 (Week 10)",3/2/2020,South Dakota,-0.035696095
"Mar 2, 2020 to Mar 8, 2020 (Week 10)",3/2/2020,Virginia,-0.077855553
"Mar 2, 2020 to Mar 8, 2020 (Week 10)",3/2/2020,Tennessee,-0.038856398
"Mar 2, 2020 to Mar 8, 2020 (Week 10)",3/2/2020,Wisconsin,-0.11385553
"Mar 9, 2020 to Mar 15, 2020 (Week 11)",3/9/2020,Utah,-0.528796082
"Mar 9, 2020 to Mar 15, 2020 (Week 11)",3/9/2020,West Virginia,-0.507188276
"Mar 9, 2020 to Mar 15, 2020 (Week 11)",3/9/2020,Vermont,-0.618266859
"Mar 9, 2020 to Mar 15, 2020 (Week 11)",3/9/2020,South Dakota,-0.303983103
"Mar 9, 2020 to Mar 15, 2020 (Week 11)",3/9/2020,Tennessee,-0.372701171
"Mar 9, 2020 to Mar 15, 2020 (Week 11)",3/9/2020,Washington,-0.529911937
"Mar 9, 2020 to Mar 15, 2020 (Week 11)",3/9/2020,Wisconsin,-0.486800487
"Mar 9, 2020 to Mar 15, 2020 (Week 11)",3/9/2020,Virginia,-0.357826827
"Mar 9, 2020 to Mar 15, 2020 (Week 11)",3/9/2020,Texas,-0.323377949
"Mar 16, 2020 to Mar 22, 2020 (Week 12)",3/16/2020,South Dakota,-0.811450021
"Mar 16, 2020 to Mar 22, 2020 (Week 12)",3/16/2020,West Virginia,-0.982517193
"Mar 16, 2020 to Mar 22, 2020 (Week 12)",3/16/2020,Virginia,-0.755114937
"Mar 16, 2020 to Mar 22, 2020 (Week 12)",3/16/2020,Vermont,-1.158056379
"Mar 16, 2020 to Mar 22, 2020 (Week 12)",3/16/2020,Washington,-0.848888931
"Mar 16, 2020 to Mar 22, 2020 (Week 12)",3/16/2020,Wisconsin,-1.012408514
"Mar 16, 2020 to Mar 22, 2020 (Week 12)",3/16/2020,Tennessee,-0.811935972
"Mar 16, 2020 to Mar 22, 2020 (Week 12)",3/16/2020,Texas,-0.811875656
"Mar 16, 2020 to Mar 22, 2020 (Week 12)",3/16/2020,Utah,-1.004477823
"Mar 23, 2020 to Mar 29, 2020 (Week 13)",3/23/2020,Wisconsin,-1.086117704
"Mar 23, 2020 to Mar 29, 2020 (Week 13)",3/23/2020,South Dakota,-0.932303292
"Mar 23, 2020 to Mar 29, 2020 (Week 13)",3/23/2020,Vermont,-1.229577715
"Mar 23, 2020 to Mar 29, 2020 (Week 13)",3/23/2020,Utah,-1.095025586
"Mar 23, 2020 to Mar 29, 2020 (Week 13)",3/23/2020,Virginia,-0.855060867
"Mar 23, 2020 to Mar 29, 2020 (Week 13)",3/23/2020,Tennessee,-0.947128122
"Mar 23, 2020 to Mar 29, 2020 (Week 13)",3/23/2020,Texas,-0.917293532
"Mar 23, 2020 to Mar 29, 2020 (Week 13)",3/23/2020,Washington,-0.884061963
"Mar 23, 2020 to Mar 29, 2020 (Week 13)",3/23/2020,West Virginia,-1.097501314
"Mar 30, 2020 to Apr 5, 2020 (Week 14)",3/30/2020,Vermont,-1.259076945
"Mar 30, 2020 to Apr 5, 2020 (Week 14)",3/30/2020,Wisconsin,-1.087788827
"Mar 30, 2020 to Apr 5, 2020 (Week 14)",3/30/2020,Texas,-0.940822104
"Mar 30, 2020 to Apr 5, 2020 (Week 14)",3/30/2020,Washington,-0.866646111
"Mar 30, 2020 to Apr 5, 2020 (Week 14)",3/30/2020,Tennessee,-0.95292917
"Mar 30, 2020 to Apr 5, 2020 (Week 14)",3/30/2020,West Virginia,-1.113178553
"Mar 30, 2020 to Apr 5, 2020 (Week 14)",3/30/2020,South Dakota,-0.987751691
"Mar 30, 2020 to Apr 5, 2020 (Week 14)",3/30/2020,Utah,-1.14403672
"Mar 30, 2020 to Apr 5, 2020 (Week 14)",3/30/2020,Virginia,-0.844583078
"Apr 6, 2020 to Apr 12, 2020 (Week 15)",4/6/2020,Tennessee,-0.976690608
"Apr 6, 2020 to Apr 12, 2020 (Week 15)",4/6/2020,South Dakota,-1.001881656
"Apr 6, 2020 to Apr 12, 2020 (Week 15)",4/6/2020,Utah,-1.142842266
"Apr 6, 2020 to Apr 12, 2020 (Week 15)",4/6/2020,Texas,-0.967029832
"Apr 6, 2020 to Apr 12, 2020 (Week 15)",4/6/2020,Wisconsin,-1.10112657
"Apr 6, 2020 to Apr 12, 2020 (Week 15)",4/6/2020,Washington,-0.899149313
"Apr 6, 2020 to Apr 12, 2020 (Week 15)",4/6/2020,Virginia,-0.868072995
"Apr 6, 2020 to Apr 12, 2020 (Week 15)",4/6/2020,Vermont,-1.250334773
"Apr 6, 2020 to Apr 12, 2020 (Week 15)",4/6/2020,West Virginia,-1.109656872
"Apr 13, 2020 to Apr 19, 2020 (Week 16)",4/13/2020,Vermont,-1.234999503
"Apr 13, 2020 to Apr 19, 2020 (Week 16)",4/13/2020,Tennessee,-0.922565366
"Apr 13, 2020 to Apr 19, 2020 (Week 16)",4/13/2020,West Virginia,-1.062978935
"Apr 13, 2020 to Apr 19, 2020 (Week 16)",4/13/2020,South Dakota,-0.949894934
"Apr 13, 2020 to Apr 19, 2020 (Week 16)",4/13/2020,Virginia,-0.827145533
"Apr 13, 2020 to Apr 19, 2020 (Week 16)",4/13/2020,Texas,-0.92520909
"Apr 13, 2020 to Apr 19, 2020 (Week 16)",4/13/2020,Washington,-0.875837055
"Apr 13, 2020 to Apr 19, 2020 (Week 16)",4/13/2020,Utah,-1.119726763
"Apr 13, 2020 to Apr 19, 2020 (Week 16)",4/13/2020,Wisconsin,-1.074114686
"Apr 20, 2020 to Apr 26, 2020 (Week 17)",4/20/2020,Texas,-0.901675328
"Apr 20, 2020 to Apr 26, 2020 (Week 17)",4/20/2020,West Virginia,-1.064123336
"Apr 20, 2020 to Apr 26, 2020 (Week 17)",4/20/2020,Utah,-1.061844334
"Apr 20, 2020 to Apr 26, 2020 (Week 17)",4/20/2020,Wisconsin,-1.061726721
"Apr 20, 2020 to Apr 26, 2020 (Week 17)",4/20/2020,Washington,-0.854723962
"Apr 20, 2020 to Apr 26, 2020 (Week 17)",4/20/2020,Vermont,-1.234144561
"Apr 20, 2020 to Apr 26, 2020 (Week 17)",4/20/2020,Tennessee,-0.912582611
"Apr 20, 2020 to Apr 26, 2020 (Week 17)",4/20/2020,South Dakota,-0.925280898
"Apr 20, 2020 to Apr 26, 2020 (Week 17)",4/20/2020,Virginia,-0.816449931
"Apr 27, 2020 to May 3, 2020 (Week 18)",4/27/2020,Virginia,-0.802441606
"Apr 27, 2020 to May 3, 2020 (Week 18)",4/27/2020,Washington,-0.800998043
"Apr 27, 2020 to May 3, 2020 (Week 18)",4/27/2020,South Dakota,-0.839182812
"Apr 27, 2020 to May 3, 2020 (Week 18)",4/27/2020,West Virginia,-1.032551585
"Apr 27, 2020 to May 3, 2020 (Week 18)",4/27/2020,Tennessee,-0.847785789
"Apr 27, 2020 to May 3, 2020 (Week 18)",4/27/2020,Texas,-0.841635101
"Apr 27, 2020 to May 3, 2020 (Week 18)",4/27/2020,Vermont,-1.210380069
"Apr 27, 2020 to May 3, 2020 (Week 18)",4/27/2020,Wisconsin,-1.035427591
"Apr 27, 2020 to May 3, 2020 (Week 18)",4/27/2020,Utah,-0.985855709
"May 4, 2020 to May 10, 2020 (Week 19)",5/4/2020,Virginia,-0.762829723
"May 4, 2020 to May 10, 2020 (Week 19)",5/4/2020,Utah,-0.932921184
"May 4, 2020 to May 10, 2020 (Week 19)",5/4/2020,West Virginia,-0.965832493
"May 4, 2020 to May 10, 2020 (Week 19)",5/4/2020,Wisconsin,-0.984235943
"May 4, 2020 to May 10, 2020 (Week 19)",5/4/2020,Texas,-0.774643161
"May 4, 2020 to May 10, 2020 (Week 19)",5/4/2020,Washington,-0.794981339
"May 4, 2020 to May 10, 2020 (Week 19)",5/4/2020,Vermont,-1.145338292
"May 4, 2020 to May 10, 2020 (Week 19)",5/4/2020,Tennessee,-0.761983315
"May 4, 2020 to May 10, 2020 (Week 19)",5/4/2020,South Dakota,-0.777978943
"May 11, 2020 to May 17, 2020 (Week 20)",5/11/2020,Virginia,-0.72978232
"May 11, 2020 to May 17, 2020 (Week 20)",5/11/2020,Washington,-0.792450571
"May 11, 2020 to May 17, 2020 (Week 20)",5/11/2020,Tennessee,-0.711508927
"May 11, 2020 to May 17, 2020 (Week 20)",5/11/2020,Utah,-0.871312553
"May 11, 2020 to May 17, 2020 (Week 20)",5/11/2020,South Dakota,-0.745032667
"May 11, 2020 to May 17, 2020 (Week 20)",5/11/2020,Vermont,-1.140868217
"May 11, 2020 to May 17, 2020 (Week 20)",5/11/2020,Wisconsin,-0.963322235
"May 11, 2020 to May 17, 2020 (Week 20)",5/11/2020,West Virginia,-0.957056206
"May 11, 2020 to May 17, 2020 (Week 20)",5/11/2020,Texas,-0.745699875
"May 18, 2020 to May 24, 2020 (Week 21)",5/18/2020,Wisconsin,-0.874210107
"May 18, 2020 to May 24, 2020 (Week 21)",5/18/2020,Tennessee,-0.605841044
"May 18, 2020 to May 24, 2020 (Week 21)",5/18/2020,Washington,-0.755018847
"May 18, 2020 to May 24, 2020 (Week 21)",5/18/2020,Texas,-0.664100187
"May 18, 2020 to May 24, 2020 (Week 21)",5/18/2020,Virginia,-0.67517331
"May 18, 2020 to May 24, 2020 (Week 21)",5/18/2020,Vermont,-1.083474425
"May 18, 2020 to May 24, 2020 (Week 21)",5/18/2020,Utah,-0.731520926
"May 18, 2020 to May 24, 2020 (Week 21)",5/18/2020,West Virginia,-0.875901885
"May 18, 2020 to May 24, 2020 (Week 21)",5/18/2020,South Dakota,-0.611394266
"May 25, 2020 to May 31, 2020 (Week 22)",5/25/2020,Washington,-0.738249118
"May 25, 2020 to May 31, 2020 (Week 22)",5/25/2020,Virginia,-0.666805027
"May 25, 2020 to May 31, 2020 (Week 22)",5/25/2020,Vermont,-1.028299396
"May 25, 2020 to May 31, 2020 (Week 22)",5/25/2020,South Dakota,-0.57578582
"May 25, 2020 to May 31, 2020 (Week 22)",5/25/2020,West Virginia,-0.820256434
"May 25, 2020 to May 31, 2020 (Week 22)",5/25/2020,Utah,-0.697479506
"May 25, 2020 to May 31, 2020 (Week 22)",5/25/2020,Wisconsin,-0.816235141
"May 25, 2020 to May 31, 2020 (Week 22)",5/25/2020,Texas,-0.619711099
"May 25, 2020 to May 31, 2020 (Week 22)",5/25/2020,Tennessee,-0.572008081
"Jun 1, 2020 to Jun 7, 2020 (Week 23)",6/1/2020,Tennessee,-0.543913274
"Jun 1, 2020 to Jun 7, 2020 (Week 23)",6/1/2020,Wisconsin,-0.741591408
"Jun 1, 2020 to Jun 7, 2020 (Week 23)",6/1/2020,West Virginia,-0.680828049
"Jun 1, 2020 to Jun 7, 2020 (Week 23)",6/1/2020,South Dakota,-0.49006222
"Jun 1, 2020 to Jun 7, 2020 (Week 23)",6/1/2020,Washington,-0.712581895
"Jun 1, 2020 to Jun 7, 2020 (Week 23)",6/1/2020,Texas,-0.569496689
"Jun 1, 2020 to Jun 7, 2020 (Week 23)",6/1/2020,Utah,-0.592548606
"Jun 1, 2020 to Jun 7, 2020 (Week 23)",6/1/2020,Virginia,-0.540573097
"Jun 1, 2020 to Jun 7, 2020 (Week 23)",6/1/2020,Vermont,-0.868836035
"Jun 8, 2020 to Jun 14, 2020 (Week 24)",6/8/2020,West Virginia,-0.520883073
"Jun 8, 2020 to Jun 14, 2020 (Week 24)",6/8/2020,Tennessee,-0.383021129
"Jun 8, 2020 to Jun 14, 2020 (Week 24)",6/8/2020,Utah,-0.432563408
"Jun 8, 2020 to Jun 14, 2020 (Week 24)",6/8/2020,Washington,-0.615373906
"Jun 8, 2020 to Jun 14, 2020 (Week 24)",6/8/2020,Virginia,-0.422343705
"Jun 8, 2020 to Jun 14, 2020 (Week 24)",6/8/2020,Texas,-0.454962483
"Jun 8, 2020 to Jun 14, 2020 (Week 24)",6/8/2020,Vermont,-0.757940663
"Jun 8, 2020 to Jun 14, 2020 (Week 24)",6/8/2020,South Dakota,-0.304537226
"Jun 8, 2020 to Jun 14, 2020 (Week 24)",6/8/2020,Wisconsin,-0.591486245
"Jun 15, 2020 to Jun 21, 2020 (Week 25)",6/15/2020,Utah,-0.618126485
"Jun 15, 2020 to Jun 21, 2020 (Week 25)",6/15/2020,Virginia,-0.565243753
"Jun 15, 2020 to Jun 21, 2020 (Week 25)",6/15/2020,West Virginia,-0.647405732
"Jun 15, 2020 to Jun 21, 2020 (Week 25)",6/15/2020,Tennessee,-0.560833127
"Jun 15, 2020 to Jun 21, 2020 (Week 25)",6/15/2020,Wisconsin,-0.722015915
"Jun 15, 2020 to Jun 21, 2020 (Week 25)",6/15/2020,Washington,-0.736850564
"Jun 15, 2020 to Jun 21, 2020 (Week 25)",6/15/2020,Texas,-0.645033509
"Jun 15, 2020 to Jun 21, 2020 (Week 25)",6/15/2020,South Dakota,-0.567803698
"Jun 15, 2020 to Jun 21, 2020 (Week 25)",6/15/2020,Vermont,-0.802341486
"Jun 22, 2020 to Jun 28, 2020 (Week 26)",6/22/2020,West Virginia,-0.639472219
"Jun 22, 2020 to Jun 28, 2020 (Week 26)",6/22/2020,Utah,-0.601731761
"Jun 22, 2020 to Jun 28, 2020 (Week 26)",6/22/2020,Virginia,-0.553447782
"Jun 22, 2020 to Jun 28, 2020 (Week 26)",6/22/2020,Vermont,-0.766759913
"Jun 22, 2020 to Jun 28, 2020 (Week 26)",6/22/2020,Wisconsin,-0.698563802
"Jun 22, 2020 to Jun 28, 2020 (Week 26)",6/22/2020,South Dakota,-0.548172517
"Jun 22, 2020 to Jun 28, 2020 (Week 26)",6/22/2020,Washington,-0.715120057
"Jun 22, 2020 to Jun 28, 2020 (Week 26)",6/22/2020,Texas,-0.666576946
"Jun 22, 2020 to Jun 28, 2020 (Week 26)",6/22/2020,Tennessee,-0.556564941
"Jun 29, 2020 to Jul 5, 2020 (Week 27)",6/29/2020,Utah,-0.567410067
"Jun 29, 2020 to Jul 5, 2020 (Week 27)",6/29/2020,Wisconsin,-0.644131679
"Jun 29, 2020 to Jul 5, 2020 (Week 27)",6/29/2020,Tennessee,-0.555643634
"Jun 29, 2020 to Jul 5, 2020 (Week 27)",6/29/2020,Vermont,-0.787632144
"Jun 29, 2020 to Jul 5, 2020 (Week 27)",6/29/2020,Texas,-0.64772961
"Jun 29, 2020 to Jul 5, 2020 (Week 27)",6/29/2020,Washington,-0.646953769
"Jun 29, 2020 to Jul 5, 2020 (Week 27)",6/29/2020,West Virginia,-0.666603237
"Jun 29, 2020 to Jul 5, 2020 (Week 27)",6/29/2020,South Dakota,-0.498095225
"Jun 29, 2020 to Jul 5, 2020 (Week 27)",6/29/2020,Virginia,-0.52180221
"Jan 6, 2020 to Jan 12, 2020 (Week 2)",1/6/2020,Wyoming,0.001376578
"Jan 13, 2020 to Jan 19, 2020 (Week 3)",1/13/2020,Wyoming,0.027158082
"Jan 20, 2020 to Jan 26, 2020 (Week 4)",1/20/2020,Wyoming,0.005500443
"Jan 27, 2020 to Feb 2, 2020 (Week 5)",1/27/2020,Wyoming,-0.046874613
"Feb 3, 2020 to Feb 9, 2020 (Week 6)",2/3/2020,Wyoming,0.062217266
"Feb 10, 2020 to Feb 16, 2020 (Week 7)",2/10/2020,Wyoming,0.108677213
"Feb 17, 2020 to Feb 23, 2020 (Week 8)",2/17/2020,Wyoming,0.114693615
"Feb 24, 2020 to Mar 1, 2020 (Week 9)",2/24/2020,Wyoming,-0.027206985
"Mar 2, 2020 to Mar 8, 2020 (Week 10)",3/2/2020,Wyoming,-0.05780689
"Mar 9, 2020 to Mar 15, 2020 (Week 11)",3/9/2020,Wyoming,-0.376215883
"Mar 16, 2020 to Mar 22, 2020 (Week 12)",3/16/2020,Wyoming,-0.827884176
"Mar 23, 2020 to Mar 29, 2020 (Week 13)",3/23/2020,Wyoming,-0.905946419
"Mar 30, 2020 to Apr 5, 2020 (Week 14)",3/30/2020,Wyoming,-0.916059501
"Apr 6, 2020 to Apr 12, 2020 (Week 15)",4/6/2020,Wyoming,-0.951478869
"Apr 13, 2020 to Apr 19, 2020 (Week 16)",4/13/2020,Wyoming,-0.905661838
"Apr 20, 2020 to Apr 26, 2020 (Week 17)",4/20/2020,Wyoming,-0.835244911
"Apr 27, 2020 to May 3, 2020 (Week 18)",4/27/2020,Wyoming,-0.815267189
"May 4, 2020 to May 10, 2020 (Week 19)",5/4/2020,Wyoming,-0.769643697
"May 11, 2020 to May 17, 2020 (Week 20)",5/11/2020,Wyoming,-0.727360466
"May 18, 2020 to May 24, 2020 (Week 21)",5/18/2020,Wyoming,-0.58819222
"May 25, 2020 to May 31, 2020 (Week 22)",5/25/2020,Wyoming,-0.547256822
"Jun 1, 2020 to Jun 7, 2020 (Week 23)",6/1/2020,Wyoming,-0.452826413
"Jun 8, 2020 to Jun 14, 2020 (Week 24)",6/8/2020,Wyoming,-0.275323803
"Jun 15, 2020 to Jun 21, 2020 (Week 25)",6/15/2020,Wyoming,-0.505799686
"Jun 22, 2020 to Jun 28, 2020 (Week 26)",6/22/2020,Wyoming,-0.593528821
"Jun 29, 2020 to Jul 5, 2020 (Week 27)",6/29/2020,Wyoming,-0.52226863
