Year Week,destination_state,Index YOY Change-Search-Hotel
"Jan 6, 2020 to Jan 12, 2020 (Week 2)",Indiana,-0.011976594
"Jan 6, 2020 to Jan 12, 2020 (Week 2)",Illinois,-0.007806564
"Jan 6, 2020 to Jan 12, 2020 (Week 2)",Idaho,0.00697096
"Jan 6, 2020 to Jan 12, 2020 (Week 2)",Maine,-0.012205131
"Jan 6, 2020 to Jan 12, 2020 (Week 2)",Kentucky,-0.003642619
"Jan 6, 2020 to Jan 12, 2020 (Week 2)",Maryland,-0.010269148
"Jan 6, 2020 to Jan 12, 2020 (Week 2)",Hawaii,-0.013849687
"Jan 6, 2020 to Jan 12, 2020 (Week 2)",Iowa,-0.009545002
"Jan 6, 2020 to Jan 12, 2020 (Week 2)",Louisiana,-0.013757424
"Jan 6, 2020 to Jan 12, 2020 (Week 2)",Kansas,-0.011596457
"Jan 13, 2020 to Jan 19, 2020 (Week 3)",Indiana,0.078535835
"Jan 13, 2020 to Jan 19, 2020 (Week 3)",Louisiana,0.045002247
"Jan 13, 2020 to Jan 19, 2020 (Week 3)",Idaho,0.046916011
"Jan 13, 2020 to Jan 19, 2020 (Week 3)",Illinois,0.058538357
"Jan 13, 2020 to Jan 19, 2020 (Week 3)",Kansas,0.08571115
"Jan 13, 2020 to Jan 19, 2020 (Week 3)",Iowa,0.081363199
"Jan 13, 2020 to Jan 19, 2020 (Week 3)",Kentucky,0.027227723
"Jan 13, 2020 to Jan 19, 2020 (Week 3)",Maryland,0.050779844
"Jan 13, 2020 to Jan 19, 2020 (Week 3)",Maine,0.105824302
"Jan 13, 2020 to Jan 19, 2020 (Week 3)",Hawaii,0.081970188
"Jan 20, 2020 to Jan 26, 2020 (Week 4)",Hawaii,-0.011083278
"Jan 20, 2020 to Jan 26, 2020 (Week 4)",Maine,0.111544599
"Jan 20, 2020 to Jan 26, 2020 (Week 4)",Maryland,0.024504686
"Jan 20, 2020 to Jan 26, 2020 (Week 4)",Kentucky,0.01665842
"Jan 20, 2020 to Jan 26, 2020 (Week 4)",Indiana,0.082292947
"Jan 20, 2020 to Jan 26, 2020 (Week 4)",Iowa,0.086697514
"Jan 20, 2020 to Jan 26, 2020 (Week 4)",Idaho,0.029765481
"Jan 20, 2020 to Jan 26, 2020 (Week 4)",Louisiana,0.105647704
"Jan 20, 2020 to Jan 26, 2020 (Week 4)",Kansas,0.099982798
"Jan 20, 2020 to Jan 26, 2020 (Week 4)",Illinois,0.052474301
"Jan 27, 2020 to Feb 2, 2020 (Week 5)",Idaho,0.013685849
"Jan 27, 2020 to Feb 2, 2020 (Week 5)",Hawaii,-0.0396307
"Jan 27, 2020 to Feb 2, 2020 (Week 5)",Kansas,0.077007044
"Jan 27, 2020 to Feb 2, 2020 (Week 5)",Indiana,0.052444685
"Jan 27, 2020 to Feb 2, 2020 (Week 5)",Maryland,0.00505577
"Jan 27, 2020 to Feb 2, 2020 (Week 5)",Kentucky,0.031635281
"Jan 27, 2020 to Feb 2, 2020 (Week 5)",Louisiana,0.051895942
"Jan 27, 2020 to Feb 2, 2020 (Week 5)",Illinois,0.041866024
"Jan 27, 2020 to Feb 2, 2020 (Week 5)",Maine,0.031977839
"Jan 27, 2020 to Feb 2, 2020 (Week 5)",Iowa,0.053540784
"Feb 3, 2020 to Feb 9, 2020 (Week 6)",Maryland,0.069722812
"Feb 3, 2020 to Feb 9, 2020 (Week 6)",Kansas,0.084712518
"Feb 3, 2020 to Feb 9, 2020 (Week 6)",Hawaii,-0.022484654
"Feb 3, 2020 to Feb 9, 2020 (Week 6)",Iowa,0.093165504
"Feb 3, 2020 to Feb 9, 2020 (Week 6)",Indiana,0.106096702
"Feb 3, 2020 to Feb 9, 2020 (Week 6)",Kentucky,0.060611822
"Feb 3, 2020 to Feb 9, 2020 (Week 6)",Idaho,0.079169368
"Feb 3, 2020 to Feb 9, 2020 (Week 6)",Illinois,0.059986798
"Feb 3, 2020 to Feb 9, 2020 (Week 6)",Maine,0.089849854
"Feb 3, 2020 to Feb 9, 2020 (Week 6)",Louisiana,0.06277295
"Feb 10, 2020 to Feb 16, 2020 (Week 7)",Indiana,0.060887179
"Feb 10, 2020 to Feb 16, 2020 (Week 7)",Kentucky,0.073020558
"Feb 10, 2020 to Feb 16, 2020 (Week 7)",Iowa,0.023204401
"Feb 10, 2020 to Feb 16, 2020 (Week 7)",Illinois,0.031613337
"Feb 10, 2020 to Feb 16, 2020 (Week 7)",Kansas,0.055612539
"Feb 10, 2020 to Feb 16, 2020 (Week 7)",Idaho,0.078450275
"Feb 10, 2020 to Feb 16, 2020 (Week 7)",Maryland,0.071497036
"Feb 10, 2020 to Feb 16, 2020 (Week 7)",Louisiana,0.021246194
"Feb 10, 2020 to Feb 16, 2020 (Week 7)",Maine,0.000183695
"Feb 10, 2020 to Feb 16, 2020 (Week 7)",Hawaii,-0.039170084
"Feb 17, 2020 to Feb 23, 2020 (Week 8)",Maryland,-0.036555415
"Feb 17, 2020 to Feb 23, 2020 (Week 8)",Maine,-0.053312617
"Feb 17, 2020 to Feb 23, 2020 (Week 8)",Idaho,-0.048269163
"Feb 17, 2020 to Feb 23, 2020 (Week 8)",Louisiana,0.032603757
"Feb 17, 2020 to Feb 23, 2020 (Week 8)",Indiana,0.025845705
"Feb 17, 2020 to Feb 23, 2020 (Week 8)",Kentucky,-0.016981202
"Feb 17, 2020 to Feb 23, 2020 (Week 8)",Kansas,0.023944556
"Feb 17, 2020 to Feb 23, 2020 (Week 8)",Hawaii,0.023205671
"Feb 17, 2020 to Feb 23, 2020 (Week 8)",Illinois,-0.03207692
"Feb 17, 2020 to Feb 23, 2020 (Week 8)",Iowa,-0.034534374
"Feb 24, 2020 to Mar 1, 2020 (Week 9)",Iowa,-0.06690224
"Feb 24, 2020 to Mar 1, 2020 (Week 9)",Hawaii,-0.086654655
"Feb 24, 2020 to Mar 1, 2020 (Week 9)",Kansas,0.023598734
"Feb 24, 2020 to Mar 1, 2020 (Week 9)",Maryland,-0.054096447
"Feb 24, 2020 to Mar 1, 2020 (Week 9)",Louisiana,-0.032728553
"Feb 24, 2020 to Mar 1, 2020 (Week 9)",Indiana,-0.002791499
"Feb 24, 2020 to Mar 1, 2020 (Week 9)",Maine,-0.081483695
"Feb 24, 2020 to Mar 1, 2020 (Week 9)",Illinois,-0.036394729
"Feb 24, 2020 to Mar 1, 2020 (Week 9)",Kentucky,-0.088213256
"Feb 24, 2020 to Mar 1, 2020 (Week 9)",Idaho,-0.102451829
"Mar 2, 2020 to Mar 8, 2020 (Week 10)",Maryland,-0.153539946
"Mar 2, 2020 to Mar 8, 2020 (Week 10)",Maine,-0.204188971
"Mar 2, 2020 to Mar 8, 2020 (Week 10)",Kentucky,-0.171816214
"Mar 2, 2020 to Mar 8, 2020 (Week 10)",Illinois,-0.149729597
"Mar 2, 2020 to Mar 8, 2020 (Week 10)",Louisiana,-0.096523454
"Mar 2, 2020 to Mar 8, 2020 (Week 10)",Iowa,-0.195375448
"Mar 2, 2020 to Mar 8, 2020 (Week 10)",Idaho,-0.20982968
"Mar 2, 2020 to Mar 8, 2020 (Week 10)",Kansas,-0.099136687
"Mar 2, 2020 to Mar 8, 2020 (Week 10)",Indiana,-0.109155625
"Mar 2, 2020 to Mar 8, 2020 (Week 10)",Hawaii,-0.376559681
"Mar 9, 2020 to Mar 15, 2020 (Week 11)",Idaho,-0.373485942
"Mar 9, 2020 to Mar 15, 2020 (Week 11)",Kansas,-0.380260875
"Mar 9, 2020 to Mar 15, 2020 (Week 11)",Kentucky,-0.356540414
"Mar 9, 2020 to Mar 15, 2020 (Week 11)",Louisiana,-0.419687638
"Mar 9, 2020 to Mar 15, 2020 (Week 11)",Maryland,-0.40395526
"Mar 9, 2020 to Mar 15, 2020 (Week 11)",Indiana,-0.394361476
"Mar 9, 2020 to Mar 15, 2020 (Week 11)",Maine,-0.494645005
"Mar 9, 2020 to Mar 15, 2020 (Week 11)",Iowa,-0.464289841
"Mar 9, 2020 to Mar 15, 2020 (Week 11)",Illinois,-0.432017565
"Mar 9, 2020 to Mar 15, 2020 (Week 11)",Hawaii,0.072460215
"Mar 16, 2020 to Mar 22, 2020 (Week 12)",Idaho,-0.847997157
"Mar 16, 2020 to Mar 22, 2020 (Week 12)",Maryland,-0.878483949
"Mar 16, 2020 to Mar 22, 2020 (Week 12)",Illinois,-0.907046875
"Mar 16, 2020 to Mar 22, 2020 (Week 12)",Kentucky,-0.737068928
"Mar 16, 2020 to Mar 22, 2020 (Week 12)",Kansas,-0.818507913
"Mar 16, 2020 to Mar 22, 2020 (Week 12)",Louisiana,-0.905349009
"Mar 16, 2020 to Mar 22, 2020 (Week 12)",Indiana,-0.856959599
"Mar 16, 2020 to Mar 22, 2020 (Week 12)",Maine,-1.00404999
"Mar 16, 2020 to Mar 22, 2020 (Week 12)",Hawaii,-0.630860962
"Mar 16, 2020 to Mar 22, 2020 (Week 12)",Iowa,-0.925559095
"Mar 23, 2020 to Mar 29, 2020 (Week 13)",Maine,-1.07589306
"Mar 23, 2020 to Mar 29, 2020 (Week 13)",Idaho,-0.911328091
"Mar 23, 2020 to Mar 29, 2020 (Week 13)",Kansas,-0.880236658
"Mar 23, 2020 to Mar 29, 2020 (Week 13)",Hawaii,-0.71515393
"Mar 23, 2020 to Mar 29, 2020 (Week 13)",Iowa,-0.983350871
"Mar 23, 2020 to Mar 29, 2020 (Week 13)",Louisiana,-0.956668652
"Mar 23, 2020 to Mar 29, 2020 (Week 13)",Kentucky,-0.797509832
"Mar 23, 2020 to Mar 29, 2020 (Week 13)",Maryland,-0.952684442
"Mar 23, 2020 to Mar 29, 2020 (Week 13)",Illinois,-0.975886039
"Mar 23, 2020 to Mar 29, 2020 (Week 13)",Indiana,-0.909925915
"Mar 30, 2020 to Apr 5, 2020 (Week 14)",Maryland,-0.940348588
"Mar 30, 2020 to Apr 5, 2020 (Week 14)",Idaho,-0.925780948
"Mar 30, 2020 to Apr 5, 2020 (Week 14)",Illinois,-0.972294525
"Mar 30, 2020 to Apr 5, 2020 (Week 14)",Maine,-1.07353153
"Mar 30, 2020 to Apr 5, 2020 (Week 14)",Kentucky,-0.767742196
"Mar 30, 2020 to Apr 5, 2020 (Week 14)",Louisiana,-0.962817676
"Mar 30, 2020 to Apr 5, 2020 (Week 14)",Iowa,-0.981478959
"Mar 30, 2020 to Apr 5, 2020 (Week 14)",Hawaii,-0.731600684
"Mar 30, 2020 to Apr 5, 2020 (Week 14)",Kansas,-0.878211488
"Mar 30, 2020 to Apr 5, 2020 (Week 14)",Indiana,-0.91304213
"Apr 6, 2020 to Apr 12, 2020 (Week 15)",Hawaii,-0.694558562
"Apr 6, 2020 to Apr 12, 2020 (Week 15)",Illinois,-0.957622033
"Apr 6, 2020 to Apr 12, 2020 (Week 15)",Louisiana,-0.947761584
"Apr 6, 2020 to Apr 12, 2020 (Week 15)",Maryland,-0.938092702
"Apr 6, 2020 to Apr 12, 2020 (Week 15)",Indiana,-0.905877615
"Apr 6, 2020 to Apr 12, 2020 (Week 15)",Kentucky,-0.765066555
"Apr 6, 2020 to Apr 12, 2020 (Week 15)",Iowa,-0.973215368
"Apr 6, 2020 to Apr 12, 2020 (Week 15)",Idaho,-0.919434306
"Apr 6, 2020 to Apr 12, 2020 (Week 15)",Maine,-1.057186819
"Apr 6, 2020 to Apr 12, 2020 (Week 15)",Kansas,-0.865089001
"Apr 13, 2020 to Apr 19, 2020 (Week 16)",Maryland,-0.908664135
"Apr 13, 2020 to Apr 19, 2020 (Week 16)",Kansas,-0.843716067
"Apr 13, 2020 to Apr 19, 2020 (Week 16)",Kentucky,-0.754772702
"Apr 13, 2020 to Apr 19, 2020 (Week 16)",Indiana,-0.877322555
"Apr 13, 2020 to Apr 19, 2020 (Week 16)",Idaho,-0.903263219
"Apr 13, 2020 to Apr 19, 2020 (Week 16)",Iowa,-0.947559722
"Apr 13, 2020 to Apr 19, 2020 (Week 16)",Illinois,-0.922250253
"Apr 13, 2020 to Apr 19, 2020 (Week 16)",Maine,-1.005491421
"Apr 13, 2020 to Apr 19, 2020 (Week 16)",Louisiana,-0.925975433
"Apr 13, 2020 to Apr 19, 2020 (Week 16)",Hawaii,-0.575082077
"Apr 20, 2020 to Apr 26, 2020 (Week 17)",Maine,-1.002251
"Apr 20, 2020 to Apr 26, 2020 (Week 17)",Iowa,-0.939796219
"Apr 20, 2020 to Apr 26, 2020 (Week 17)",Maryland,-0.886361349
"Apr 20, 2020 to Apr 26, 2020 (Week 17)",Louisiana,-0.92819846
"Apr 20, 2020 to Apr 26, 2020 (Week 17)",Kansas,-0.834547416
"Apr 20, 2020 to Apr 26, 2020 (Week 17)",Indiana,-0.876573202
"Apr 20, 2020 to Apr 26, 2020 (Week 17)",Kentucky,-0.756339516
"Apr 20, 2020 to Apr 26, 2020 (Week 17)",Hawaii,-0.67024667
"Apr 20, 2020 to Apr 26, 2020 (Week 17)",Illinois,-0.923588118
"Apr 20, 2020 to Apr 26, 2020 (Week 17)",Idaho,-0.888303906
"Apr 27, 2020 to May 3, 2020 (Week 18)",Illinois,-0.91123707
"Apr 27, 2020 to May 3, 2020 (Week 18)",Hawaii,-0.667671772
"Apr 27, 2020 to May 3, 2020 (Week 18)",Kentucky,-0.740404374
"Apr 27, 2020 to May 3, 2020 (Week 18)",Maine,-0.987805053
"Apr 27, 2020 to May 3, 2020 (Week 18)",Maryland,-0.881133195
"Apr 27, 2020 to May 3, 2020 (Week 18)",Kansas,-0.821166021
"Apr 27, 2020 to May 3, 2020 (Week 18)",Indiana,-0.865468729
"Apr 27, 2020 to May 3, 2020 (Week 18)",Louisiana,-0.919428416
"Apr 27, 2020 to May 3, 2020 (Week 18)",Iowa,-0.927072044
"Apr 27, 2020 to May 3, 2020 (Week 18)",Idaho,-0.863504904
"May 4, 2020 to May 10, 2020 (Week 19)",Illinois,-0.873547013
"May 4, 2020 to May 10, 2020 (Week 19)",Maryland,-0.826015317
"May 4, 2020 to May 10, 2020 (Week 19)",Louisiana,-0.877749693
"May 4, 2020 to May 10, 2020 (Week 19)",Indiana,-0.817369388
"May 4, 2020 to May 10, 2020 (Week 19)",Hawaii,-0.656047227
"May 4, 2020 to May 10, 2020 (Week 19)",Kentucky,-0.703381769
"May 4, 2020 to May 10, 2020 (Week 19)",Idaho,-0.848230978
"May 4, 2020 to May 10, 2020 (Week 19)",Maine,-0.9542067
"May 4, 2020 to May 10, 2020 (Week 19)",Iowa,-0.890330771
"May 4, 2020 to May 10, 2020 (Week 19)",Kansas,-0.781801879
"May 11, 2020 to May 17, 2020 (Week 20)",Maryland,-0.776171898
"May 11, 2020 to May 17, 2020 (Week 20)",Hawaii,-0.647637684
"May 11, 2020 to May 17, 2020 (Week 20)",Kansas,-0.757965993
"May 11, 2020 to May 17, 2020 (Week 20)",Maine,-0.945608065
"May 11, 2020 to May 17, 2020 (Week 20)",Illinois,-0.865756687
"May 11, 2020 to May 17, 2020 (Week 20)",Louisiana,-0.872509256
"May 11, 2020 to May 17, 2020 (Week 20)",Iowa,-0.879136955
"May 11, 2020 to May 17, 2020 (Week 20)",Kentucky,-0.674239803
"May 11, 2020 to May 17, 2020 (Week 20)",Indiana,-0.804443703
"May 11, 2020 to May 17, 2020 (Week 20)",Idaho,-0.821414114
"May 18, 2020 to May 24, 2020 (Week 21)",Indiana,-0.717784383
"May 18, 2020 to May 24, 2020 (Week 21)",Kentucky,-0.602196506
"May 18, 2020 to May 24, 2020 (Week 21)",Idaho,-0.751028854
"May 18, 2020 to May 24, 2020 (Week 21)",Kansas,-0.693835262
"May 18, 2020 to May 24, 2020 (Week 21)",Louisiana,-0.804766005
"May 18, 2020 to May 24, 2020 (Week 21)",Maryland,-0.699122444
"May 18, 2020 to May 24, 2020 (Week 21)",Illinois,-0.79352957
"May 18, 2020 to May 24, 2020 (Week 21)",Iowa,-0.80221437
"May 18, 2020 to May 24, 2020 (Week 21)",Maine,-0.880304233
"May 18, 2020 to May 24, 2020 (Week 21)",Hawaii,-0.709969952
"May 25, 2020 to May 31, 2020 (Week 22)",Idaho,-0.67030844
"May 25, 2020 to May 31, 2020 (Week 22)",Louisiana,-0.772396049
"May 25, 2020 to May 31, 2020 (Week 22)",Maryland,-0.639132629
"May 25, 2020 to May 31, 2020 (Week 22)",Iowa,-0.732806546
"May 25, 2020 to May 31, 2020 (Week 22)",Kentucky,-0.552248719
"May 25, 2020 to May 31, 2020 (Week 22)",Illinois,-0.763277583
"May 25, 2020 to May 31, 2020 (Week 22)",Kansas,-0.63972755
"May 25, 2020 to May 31, 2020 (Week 22)",Hawaii,-0.690055991
"May 25, 2020 to May 31, 2020 (Week 22)",Indiana,-0.657843678
"May 25, 2020 to May 31, 2020 (Week 22)",Maine,-0.815740717
"Jun 1, 2020 to Jun 7, 2020 (Week 23)",Hawaii,-0.69801803
"Jun 1, 2020 to Jun 7, 2020 (Week 23)",Iowa,-0.673779293
"Jun 1, 2020 to Jun 7, 2020 (Week 23)",Kentucky,-0.522654023
"Jun 1, 2020 to Jun 7, 2020 (Week 23)",Idaho,-0.655173552
"Jun 1, 2020 to Jun 7, 2020 (Week 23)",Maine,-0.735445964
"Jun 1, 2020 to Jun 7, 2020 (Week 23)",Maryland,-0.581048032
"Jun 1, 2020 to Jun 7, 2020 (Week 23)",Kansas,-0.566682827
"Jun 1, 2020 to Jun 7, 2020 (Week 23)",Louisiana,-0.683919898
"Jun 1, 2020 to Jun 7, 2020 (Week 23)",Illinois,-0.738412757
"Jun 1, 2020 to Jun 7, 2020 (Week 23)",Indiana,-0.627976067
"Jun 8, 2020 to Jun 14, 2020 (Week 24)",Louisiana,-0.558594536
"Jun 8, 2020 to Jun 14, 2020 (Week 24)",Indiana,-0.462716089
"Jun 8, 2020 to Jun 14, 2020 (Week 24)",Maryland,-0.444659545
"Jun 8, 2020 to Jun 14, 2020 (Week 24)",Illinois,-0.597195084
"Jun 8, 2020 to Jun 14, 2020 (Week 24)",Idaho,-0.491044366
"Jun 8, 2020 to Jun 14, 2020 (Week 24)",Iowa,-0.531339932
"Jun 8, 2020 to Jun 14, 2020 (Week 24)",Hawaii,-0.630166831
"Jun 8, 2020 to Jun 14, 2020 (Week 24)",Kansas,-0.413130464
"Jun 8, 2020 to Jun 14, 2020 (Week 24)",Maine,-0.56327148
"Jun 8, 2020 to Jun 14, 2020 (Week 24)",Kentucky,-0.383680618
"Jun 15, 2020 to Jun 21, 2020 (Week 25)",Hawaii,-0.719449332
"Jun 15, 2020 to Jun 21, 2020 (Week 25)",Kentucky,-0.420641132
"Jun 15, 2020 to Jun 21, 2020 (Week 25)",Indiana,-0.504757706
"Jun 15, 2020 to Jun 21, 2020 (Week 25)",Kansas,-0.472766616
"Jun 15, 2020 to Jun 21, 2020 (Week 25)",Iowa,-0.58929999
"Jun 15, 2020 to Jun 21, 2020 (Week 25)",Illinois,-0.619016371
"Jun 15, 2020 to Jun 21, 2020 (Week 25)",Idaho,-0.524478903
"Jun 15, 2020 to Jun 21, 2020 (Week 25)",Maryland,-0.559102723
"Jun 15, 2020 to Jun 21, 2020 (Week 25)",Louisiana,-0.66208728
"Jun 15, 2020 to Jun 21, 2020 (Week 25)",Maine,-0.559991673
"Jun 22, 2020 to Jun 28, 2020 (Week 26)",Hawaii,-0.626155312
"Jun 22, 2020 to Jun 28, 2020 (Week 26)",Maryland,-0.406599884
"Jun 22, 2020 to Jun 28, 2020 (Week 26)",Kansas,-0.34067926
"Jun 22, 2020 to Jun 28, 2020 (Week 26)",Maine,-0.423678696
"Jun 22, 2020 to Jun 28, 2020 (Week 26)",Kentucky,-0.320170719
"Jun 22, 2020 to Jun 28, 2020 (Week 26)",Illinois,-0.519660901
"Jun 22, 2020 to Jun 28, 2020 (Week 26)",Louisiana,-0.60986695
"Jun 22, 2020 to Jun 28, 2020 (Week 26)",Iowa,-0.455020379
"Jun 22, 2020 to Jun 28, 2020 (Week 26)",Indiana,-0.423484196
"Jun 22, 2020 to Jun 28, 2020 (Week 26)",Idaho,-0.273805831
"Jun 29, 2020 to Jul 5, 2020 (Week 27)",Maryland,-0.555631336
"Jun 29, 2020 to Jul 5, 2020 (Week 27)",Iowa,-0.604806101
"Jun 29, 2020 to Jul 5, 2020 (Week 27)",Louisiana,-0.712870805
"Jun 29, 2020 to Jul 5, 2020 (Week 27)",Illinois,-0.662827565
"Jun 29, 2020 to Jul 5, 2020 (Week 27)",Indiana,-0.584859165
"Jun 29, 2020 to Jul 5, 2020 (Week 27)",Kentucky,-0.446374335
"Jun 29, 2020 to Jul 5, 2020 (Week 27)",Maine,-0.680942509
"Jun 29, 2020 to Jul 5, 2020 (Week 27)",Kansas,-0.531459167
"Jun 29, 2020 to Jul 5, 2020 (Week 27)",Idaho,-0.403123045
"Jun 29, 2020 to Jul 5, 2020 (Week 27)",Hawaii,-0.676689707
"Jan 6, 2020 to Jan 12, 2020 (Week 2)",Arizona,0.001777857
"Jan 6, 2020 to Jan 12, 2020 (Week 2)",Colorado,-0.013340588
"Jan 6, 2020 to Jan 12, 2020 (Week 2)",California,-0.006985702
"Jan 6, 2020 to Jan 12, 2020 (Week 2)",Georgia,-0.011433759
"Jan 6, 2020 to Jan 12, 2020 (Week 2)",Connecticut,-0.012083756
"Jan 6, 2020 to Jan 12, 2020 (Week 2)",Alabama,-0.002795462
"Jan 6, 2020 to Jan 12, 2020 (Week 2)",Florida,-0.007453172
"Jan 6, 2020 to Jan 12, 2020 (Week 2)",Alaska,-0.027768247
"Jan 6, 2020 to Jan 12, 2020 (Week 2)",Arkansas,-0.012401004
"Jan 6, 2020 to Jan 12, 2020 (Week 2)",Delaware,-0.015972607
"Jan 13, 2020 to Jan 19, 2020 (Week 3)",Connecticut,0.161336724
"Jan 13, 2020 to Jan 19, 2020 (Week 3)",Georgia,0.071047162
"Jan 13, 2020 to Jan 19, 2020 (Week 3)",Arizona,0.012932569
"Jan 13, 2020 to Jan 19, 2020 (Week 3)",California,0.087139264
"Jan 13, 2020 to Jan 19, 2020 (Week 3)",Florida,0.038327518
"Jan 13, 2020 to Jan 19, 2020 (Week 3)",Arkansas,0.141042351
"Jan 13, 2020 to Jan 19, 2020 (Week 3)",Alaska,0.011992987
"Jan 13, 2020 to Jan 19, 2020 (Week 3)",Delaware,0.02765412
"Jan 13, 2020 to Jan 19, 2020 (Week 3)",Colorado,0.012273423
"Jan 13, 2020 to Jan 19, 2020 (Week 3)",Alabama,0.044079768
"Jan 20, 2020 to Jan 26, 2020 (Week 4)",Colorado,-0.044727073
"Jan 20, 2020 to Jan 26, 2020 (Week 4)",Florida,0.014802772
"Jan 20, 2020 to Jan 26, 2020 (Week 4)",Arizona,0.020209713
"Jan 20, 2020 to Jan 26, 2020 (Week 4)",Connecticut,0.266134967
"Jan 20, 2020 to Jan 26, 2020 (Week 4)",Alabama,0.047278018
"Jan 20, 2020 to Jan 26, 2020 (Week 4)",Delaware,0.005034656
"Jan 20, 2020 to Jan 26, 2020 (Week 4)",Georgia,0.080281647
"Jan 20, 2020 to Jan 26, 2020 (Week 4)",California,0.048198688
"Jan 20, 2020 to Jan 26, 2020 (Week 4)",Alaska,-0.00868523
"Jan 20, 2020 to Jan 26, 2020 (Week 4)",Arkansas,0.184694962
"Jan 27, 2020 to Feb 2, 2020 (Week 5)",Georgia,0.068568419
"Jan 27, 2020 to Feb 2, 2020 (Week 5)",Florida,-0.038217309
"Jan 27, 2020 to Feb 2, 2020 (Week 5)",Arkansas,0.112243226
"Jan 27, 2020 to Feb 2, 2020 (Week 5)",Colorado,-0.058583997
"Jan 27, 2020 to Feb 2, 2020 (Week 5)",Connecticut,0.168183365
"Jan 27, 2020 to Feb 2, 2020 (Week 5)",California,-0.007000964
"Jan 27, 2020 to Feb 2, 2020 (Week 5)",Delaware,0.022495614
"Jan 27, 2020 to Feb 2, 2020 (Week 5)",Arizona,-0.052017465
"Jan 27, 2020 to Feb 2, 2020 (Week 5)",Alaska,0.024304126
"Jan 27, 2020 to Feb 2, 2020 (Week 5)",Alabama,0.067882473
"Feb 3, 2020 to Feb 9, 2020 (Week 6)",Arizona,-0.016571776
"Feb 3, 2020 to Feb 9, 2020 (Week 6)",Arkansas,0.134114584
"Feb 3, 2020 to Feb 9, 2020 (Week 6)",Florida,-0.075911208
"Feb 3, 2020 to Feb 9, 2020 (Week 6)",Georgia,0.058056919
"Feb 3, 2020 to Feb 9, 2020 (Week 6)",Delaware,0.141494788
"Feb 3, 2020 to Feb 9, 2020 (Week 6)",California,0.017193595
"Feb 3, 2020 to Feb 9, 2020 (Week 6)",Colorado,-0.01466924
"Feb 3, 2020 to Feb 9, 2020 (Week 6)",Alabama,0.117125058
"Feb 3, 2020 to Feb 9, 2020 (Week 6)",Alaska,0.12537577
"Feb 3, 2020 to Feb 9, 2020 (Week 6)",Connecticut,0.125000549
"Feb 10, 2020 to Feb 16, 2020 (Week 7)",Florida,-0.089062234
"Feb 10, 2020 to Feb 16, 2020 (Week 7)",Delaware,0.258511723
"Feb 10, 2020 to Feb 16, 2020 (Week 7)",Arizona,-0.025338359
"Feb 10, 2020 to Feb 16, 2020 (Week 7)",Alaska,0.310356096
"Feb 10, 2020 to Feb 16, 2020 (Week 7)",Colorado,-0.051706074
"Feb 10, 2020 to Feb 16, 2020 (Week 7)",California,0.008381813
"Feb 10, 2020 to Feb 16, 2020 (Week 7)",Arkansas,0.098112872
"Feb 10, 2020 to Feb 16, 2020 (Week 7)",Georgia,0.022363739
"Feb 10, 2020 to Feb 16, 2020 (Week 7)",Alabama,0.107170729
"Feb 10, 2020 to Feb 16, 2020 (Week 7)",Connecticut,0.002833203
"Feb 17, 2020 to Feb 23, 2020 (Week 8)",Alaska,-0.117313567
"Feb 17, 2020 to Feb 23, 2020 (Week 8)",Arkansas,0.018470634
"Feb 17, 2020 to Feb 23, 2020 (Week 8)",Georgia,-0.01310112
"Feb 17, 2020 to Feb 23, 2020 (Week 8)",Alabama,-0.052298179
"Feb 17, 2020 to Feb 23, 2020 (Week 8)",California,-0.042440752
"Feb 17, 2020 to Feb 23, 2020 (Week 8)",Florida,-0.12132982
"Feb 17, 2020 to Feb 23, 2020 (Week 8)",Colorado,-0.18786825
"Feb 17, 2020 to Feb 23, 2020 (Week 8)",Connecticut,0.040880702
"Feb 17, 2020 to Feb 23, 2020 (Week 8)",Arizona,-0.001603674
"Feb 17, 2020 to Feb 23, 2020 (Week 8)",Delaware,0.034236326
"Feb 24, 2020 to Mar 1, 2020 (Week 9)",Arizona,-0.087478389
"Feb 24, 2020 to Mar 1, 2020 (Week 9)",Alabama,-0.080231129
"Feb 24, 2020 to Mar 1, 2020 (Week 9)",Delaware,-0.0237964
"Feb 24, 2020 to Mar 1, 2020 (Week 9)",Colorado,-0.227469082
"Feb 24, 2020 to Mar 1, 2020 (Week 9)",Connecticut,0.002725572
"Feb 24, 2020 to Mar 1, 2020 (Week 9)",Alaska,-0.158174308
"Feb 24, 2020 to Mar 1, 2020 (Week 9)",Georgia,0.005818722
"Feb 24, 2020 to Mar 1, 2020 (Week 9)",California,-0.139004918
"Feb 24, 2020 to Mar 1, 2020 (Week 9)",Arkansas,0.029875774
"Feb 24, 2020 to Mar 1, 2020 (Week 9)",Florida,-0.184809747
"Mar 2, 2020 to Mar 8, 2020 (Week 10)",Alabama,-0.130056988
"Mar 2, 2020 to Mar 8, 2020 (Week 10)",Florida,-0.257999657
"Mar 2, 2020 to Mar 8, 2020 (Week 10)",California,-0.284583275
"Mar 2, 2020 to Mar 8, 2020 (Week 10)",Arizona,-0.139763642
"Mar 2, 2020 to Mar 8, 2020 (Week 10)",Alaska,-0.221177164
"Mar 2, 2020 to Mar 8, 2020 (Week 10)",Connecticut,-0.146362797
"Mar 2, 2020 to Mar 8, 2020 (Week 10)",Arkansas,-0.107016415
"Mar 2, 2020 to Mar 8, 2020 (Week 10)",Colorado,-0.368730374
"Mar 2, 2020 to Mar 8, 2020 (Week 10)",Delaware,-0.081178803
"Mar 2, 2020 to Mar 8, 2020 (Week 10)",Georgia,-0.094517531
"Mar 9, 2020 to Mar 15, 2020 (Week 11)",Alaska,-0.48570275
"Mar 9, 2020 to Mar 15, 2020 (Week 11)",Georgia,-0.393382736
"Mar 9, 2020 to Mar 15, 2020 (Week 11)",Arkansas,-0.475112328
"Mar 9, 2020 to Mar 15, 2020 (Week 11)",Alabama,-0.292428168
"Mar 9, 2020 to Mar 15, 2020 (Week 11)",Florida,-0.342720557
"Mar 9, 2020 to Mar 15, 2020 (Week 11)",Delaware,-0.299202291
"Mar 9, 2020 to Mar 15, 2020 (Week 11)",California,-0.532740344
"Mar 9, 2020 to Mar 15, 2020 (Week 11)",Colorado,-0.646215708
"Mar 9, 2020 to Mar 15, 2020 (Week 11)",Connecticut,-0.554195114
"Mar 9, 2020 to Mar 15, 2020 (Week 11)",Arizona,-0.314191904
"Mar 16, 2020 to Mar 22, 2020 (Week 12)",Colorado,-1.233948138
"Mar 16, 2020 to Mar 22, 2020 (Week 12)",Florida,-0.972732117
"Mar 16, 2020 to Mar 22, 2020 (Week 12)",Arizona,-0.926649832
"Mar 16, 2020 to Mar 22, 2020 (Week 12)",Georgia,-0.858261755
"Mar 16, 2020 to Mar 22, 2020 (Week 12)",Alaska,-0.87088459
"Mar 16, 2020 to Mar 22, 2020 (Week 12)",Alabama,-0.752023539
"Mar 16, 2020 to Mar 22, 2020 (Week 12)",Arkansas,-0.946184225
"Mar 16, 2020 to Mar 22, 2020 (Week 12)",Connecticut,-0.983719604
"Mar 16, 2020 to Mar 22, 2020 (Week 12)",California,-1.072895896
"Mar 16, 2020 to Mar 22, 2020 (Week 12)",Delaware,-0.737080085
"Mar 23, 2020 to Mar 29, 2020 (Week 13)",Alaska,-0.931553883
"Mar 23, 2020 to Mar 29, 2020 (Week 13)",Connecticut,-1.04890678
"Mar 23, 2020 to Mar 29, 2020 (Week 13)",Alabama,-0.80300342
"Mar 23, 2020 to Mar 29, 2020 (Week 13)",Arkansas,-1.006224107
"Mar 23, 2020 to Mar 29, 2020 (Week 13)",Colorado,-1.311829219
"Mar 23, 2020 to Mar 29, 2020 (Week 13)",Delaware,-0.793008504
"Mar 23, 2020 to Mar 29, 2020 (Week 13)",California,-1.138947478
"Mar 23, 2020 to Mar 29, 2020 (Week 13)",Georgia,-0.926813967
"Mar 23, 2020 to Mar 29, 2020 (Week 13)",Arizona,-0.999459093
"Mar 23, 2020 to Mar 29, 2020 (Week 13)",Florida,-1.060473689
"Mar 30, 2020 to Apr 5, 2020 (Week 14)",Alaska,-0.916157868
"Mar 30, 2020 to Apr 5, 2020 (Week 14)",Georgia,-0.92217419
"Mar 30, 2020 to Apr 5, 2020 (Week 14)",Connecticut,-1.056145698
"Mar 30, 2020 to Apr 5, 2020 (Week 14)",Alabama,-0.777466795
"Mar 30, 2020 to Apr 5, 2020 (Week 14)",Arkansas,-1.003841253
"Mar 30, 2020 to Apr 5, 2020 (Week 14)",Colorado,-1.302427363
"Mar 30, 2020 to Apr 5, 2020 (Week 14)",Delaware,-0.760855116
"Mar 30, 2020 to Apr 5, 2020 (Week 14)",California,-1.133210108
"Mar 30, 2020 to Apr 5, 2020 (Week 14)",Arizona,-1.013790736
"Mar 30, 2020 to Apr 5, 2020 (Week 14)",Florida,-1.072311762
"Apr 6, 2020 to Apr 12, 2020 (Week 15)",California,-1.125295932
"Apr 6, 2020 to Apr 12, 2020 (Week 15)",Connecticut,-1.051705468
"Apr 6, 2020 to Apr 12, 2020 (Week 15)",Georgia,-0.901428261
"Apr 6, 2020 to Apr 12, 2020 (Week 15)",Arizona,-0.996489491
"Apr 6, 2020 to Apr 12, 2020 (Week 15)",Colorado,-1.309453984
"Apr 6, 2020 to Apr 12, 2020 (Week 15)",Arkansas,-0.993421393
"Apr 6, 2020 to Apr 12, 2020 (Week 15)",Florida,-1.050555418
"Apr 6, 2020 to Apr 12, 2020 (Week 15)",Alabama,-0.756268017
"Apr 6, 2020 to Apr 12, 2020 (Week 15)",Alaska,-0.928997274
"Apr 6, 2020 to Apr 12, 2020 (Week 15)",Delaware,-0.760561022
"Apr 13, 2020 to Apr 19, 2020 (Week 16)",Arizona,-0.913316314
"Apr 13, 2020 to Apr 19, 2020 (Week 16)",Florida,-1.005011728
"Apr 13, 2020 to Apr 19, 2020 (Week 16)",Alabama,-0.716609958
"Apr 13, 2020 to Apr 19, 2020 (Week 16)",Colorado,-1.279646804
"Apr 13, 2020 to Apr 19, 2020 (Week 16)",Arkansas,-0.949674631
"Apr 13, 2020 to Apr 19, 2020 (Week 16)",Delaware,-0.705497561
"Apr 13, 2020 to Apr 19, 2020 (Week 16)",California,-1.086092842
"Apr 13, 2020 to Apr 19, 2020 (Week 16)",Alaska,-0.87488055
"Apr 13, 2020 to Apr 19, 2020 (Week 16)",Connecticut,-1.021096664
"Apr 13, 2020 to Apr 19, 2020 (Week 16)",Georgia,-0.8783401
"Apr 20, 2020 to Apr 26, 2020 (Week 17)",Florida,-0.987663938
"Apr 20, 2020 to Apr 26, 2020 (Week 17)",Delaware,-0.699035599
"Apr 20, 2020 to Apr 26, 2020 (Week 17)",Georgia,-0.869906269
"Apr 20, 2020 to Apr 26, 2020 (Week 17)",Arkansas,-0.945749779
"Apr 20, 2020 to Apr 26, 2020 (Week 17)",California,-1.08118968
"Apr 20, 2020 to Apr 26, 2020 (Week 17)",Alabama,-0.719019621
"Apr 20, 2020 to Apr 26, 2020 (Week 17)",Connecticut,-1.032005357
"Apr 20, 2020 to Apr 26, 2020 (Week 17)",Arizona,-0.907167512
"Apr 20, 2020 to Apr 26, 2020 (Week 17)",Colorado,-1.27454323
"Apr 20, 2020 to Apr 26, 2020 (Week 17)",Alaska,-0.853722995
"Apr 27, 2020 to May 3, 2020 (Week 18)",Georgia,-0.852280965
"Apr 27, 2020 to May 3, 2020 (Week 18)",Alabama,-0.677405796
"Apr 27, 2020 to May 3, 2020 (Week 18)",Arkansas,-0.921205714
"Apr 27, 2020 to May 3, 2020 (Week 18)",Arizona,-0.914707412
"Apr 27, 2020 to May 3, 2020 (Week 18)",Florida,-0.926399905
"Apr 27, 2020 to May 3, 2020 (Week 18)",Colorado,-1.26134985
"Apr 27, 2020 to May 3, 2020 (Week 18)",Connecticut,-1.024586
"Apr 27, 2020 to May 3, 2020 (Week 18)",Delaware,-0.665063992
"Apr 27, 2020 to May 3, 2020 (Week 18)",Alaska,-0.849273802
"Apr 27, 2020 to May 3, 2020 (Week 18)",California,-1.075011209
"May 4, 2020 to May 10, 2020 (Week 19)",Colorado,-1.217908631
"May 4, 2020 to May 10, 2020 (Week 19)",Connecticut,-1.009592424
"May 4, 2020 to May 10, 2020 (Week 19)",Alabama,-0.589393392
"May 4, 2020 to May 10, 2020 (Week 19)",Georgia,-0.801635663
"May 4, 2020 to May 10, 2020 (Week 19)",Florida,-0.811866912
"May 4, 2020 to May 10, 2020 (Week 19)",Arizona,-0.826608611
"May 4, 2020 to May 10, 2020 (Week 19)",California,-1.038641936
"May 4, 2020 to May 10, 2020 (Week 19)",Delaware,-0.582208753
"May 4, 2020 to May 10, 2020 (Week 19)",Arkansas,-0.864547125
"May 4, 2020 to May 10, 2020 (Week 19)",Alaska,-0.823681058
"May 11, 2020 to May 17, 2020 (Week 20)",Alabama,-0.564293941
"May 11, 2020 to May 17, 2020 (Week 20)",Alaska,-0.781435313
"May 11, 2020 to May 17, 2020 (Week 20)",Colorado,-1.195161547
"May 11, 2020 to May 17, 2020 (Week 20)",Arkansas,-0.850456358
"May 11, 2020 to May 17, 2020 (Week 20)",California,-1.039902599
"May 11, 2020 to May 17, 2020 (Week 20)",Connecticut,-1.011247364
"May 11, 2020 to May 17, 2020 (Week 20)",Arizona,-0.699741701
"May 11, 2020 to May 17, 2020 (Week 20)",Delaware,-0.500508747
"May 11, 2020 to May 17, 2020 (Week 20)",Georgia,-0.777671182
"May 11, 2020 to May 17, 2020 (Week 20)",Florida,-0.745524023
"May 18, 2020 to May 24, 2020 (Week 21)",Connecticut,-0.96228251
"May 18, 2020 to May 24, 2020 (Week 21)",Alaska,-0.739503884
"May 18, 2020 to May 24, 2020 (Week 21)",Florida,-0.625808664
"May 18, 2020 to May 24, 2020 (Week 21)",California,-0.986430012
"May 18, 2020 to May 24, 2020 (Week 21)",Colorado,-1.135756172
"May 18, 2020 to May 24, 2020 (Week 21)",Alabama,-0.422050665
"May 18, 2020 to May 24, 2020 (Week 21)",Arkansas,-0.747887271
"May 18, 2020 to May 24, 2020 (Week 21)",Georgia,-0.675862077
"May 18, 2020 to May 24, 2020 (Week 21)",Delaware,-0.37928432
"May 18, 2020 to May 24, 2020 (Week 21)",Arizona,-0.479098297
"May 25, 2020 to May 31, 2020 (Week 22)",Arkansas,-0.671748245
"May 25, 2020 to May 31, 2020 (Week 22)",Alaska,-0.63171604
"May 25, 2020 to May 31, 2020 (Week 22)",Connecticut,-0.927141584
"May 25, 2020 to May 31, 2020 (Week 22)",Delaware,-0.109373725
"May 25, 2020 to May 31, 2020 (Week 22)",Alabama,-0.404888734
"May 25, 2020 to May 31, 2020 (Week 22)",Georgia,-0.638074578
"May 25, 2020 to May 31, 2020 (Week 22)",Florida,-0.62321687
"May 25, 2020 to May 31, 2020 (Week 22)",Arizona,-0.401651332
"May 25, 2020 to May 31, 2020 (Week 22)",Colorado,-1.065794101
"May 25, 2020 to May 31, 2020 (Week 22)",California,-0.950693354
"Jun 1, 2020 to Jun 7, 2020 (Week 23)",Delaware,-0.086660354
"Jun 1, 2020 to Jun 7, 2020 (Week 23)",Connecticut,-0.772568414
"Jun 1, 2020 to Jun 7, 2020 (Week 23)",Arizona,-0.453086771
"Jun 1, 2020 to Jun 7, 2020 (Week 23)",Florida,-0.590914049
"Jun 1, 2020 to Jun 7, 2020 (Week 23)",Alabama,-0.449886032
"Jun 1, 2020 to Jun 7, 2020 (Week 23)",Colorado,-1.023434562
"Jun 1, 2020 to Jun 7, 2020 (Week 23)",California,-0.933457759
"Jun 1, 2020 to Jun 7, 2020 (Week 23)",Arkansas,-0.607724584
"Jun 1, 2020 to Jun 7, 2020 (Week 23)",Georgia,-0.594760969
"Jun 1, 2020 to Jun 7, 2020 (Week 23)",Alaska,-0.687929169
"Jun 8, 2020 to Jun 14, 2020 (Week 24)",Alaska,-0.502895151
"Jun 8, 2020 to Jun 14, 2020 (Week 24)",Arkansas,-0.42370282
"Jun 8, 2020 to Jun 14, 2020 (Week 24)",Connecticut,-0.646125087
"Jun 8, 2020 to Jun 14, 2020 (Week 24)",Georgia,-0.456511672
"Jun 8, 2020 to Jun 14, 2020 (Week 24)",Delaware,0.256234541
"Jun 8, 2020 to Jun 14, 2020 (Week 24)",California,-0.720500552
"Jun 8, 2020 to Jun 14, 2020 (Week 24)",Colorado,-0.862637785
"Jun 8, 2020 to Jun 14, 2020 (Week 24)",Florida,-0.426684689
"Jun 8, 2020 to Jun 14, 2020 (Week 24)",Arizona,-0.315204881
"Jun 8, 2020 to Jun 14, 2020 (Week 24)",Alabama,-0.362031938
"Jun 15, 2020 to Jun 21, 2020 (Week 25)",California,-0.793378058
"Jun 15, 2020 to Jun 21, 2020 (Week 25)",Delaware,0.087771452
"Jun 15, 2020 to Jun 21, 2020 (Week 25)",Alabama,-0.471894774
"Jun 15, 2020 to Jun 21, 2020 (Week 25)",Arkansas,-0.526907546
"Jun 15, 2020 to Jun 21, 2020 (Week 25)",Alaska,-0.557535622
"Jun 15, 2020 to Jun 21, 2020 (Week 25)",Arizona,-0.52035768
"Jun 15, 2020 to Jun 21, 2020 (Week 25)",Colorado,-0.969637863
"Jun 15, 2020 to Jun 21, 2020 (Week 25)",Connecticut,-0.728092578
"Jun 15, 2020 to Jun 21, 2020 (Week 25)",Georgia,-0.553169116
"Jun 15, 2020 to Jun 21, 2020 (Week 25)",Florida,-0.630143642
"Jun 22, 2020 to Jun 28, 2020 (Week 26)",Arkansas,-0.463242398
"Jun 22, 2020 to Jun 28, 2020 (Week 26)",Delaware,0.272918023
"Jun 22, 2020 to Jun 28, 2020 (Week 26)",Alaska,-0.52403398
"Jun 22, 2020 to Jun 28, 2020 (Week 26)",Florida,-0.668594899
"Jun 22, 2020 to Jun 28, 2020 (Week 26)",Connecticut,-0.635438346
"Jun 22, 2020 to Jun 28, 2020 (Week 26)",Alabama,-0.410752679
"Jun 22, 2020 to Jun 28, 2020 (Week 26)",California,-0.802075307
"Jun 22, 2020 to Jun 28, 2020 (Week 26)",Colorado,-0.874534147
"Jun 22, 2020 to Jun 28, 2020 (Week 26)",Georgia,-0.465135071
"Jun 22, 2020 to Jun 28, 2020 (Week 26)",Arizona,-0.546352036
"Jun 29, 2020 to Jul 5, 2020 (Week 27)",Delaware,-0.292935747
"Jun 29, 2020 to Jul 5, 2020 (Week 27)",Colorado,-0.920738071
"Jun 29, 2020 to Jul 5, 2020 (Week 27)",Connecticut,-0.781454737
"Jun 29, 2020 to Jul 5, 2020 (Week 27)",Alabama,-0.520391557
"Jun 29, 2020 to Jul 5, 2020 (Week 27)",Florida,-0.758385418
"Jun 29, 2020 to Jul 5, 2020 (Week 27)",Arizona,-0.697431318
"Jun 29, 2020 to Jul 5, 2020 (Week 27)",Alaska,-0.731640341
"Jun 29, 2020 to Jul 5, 2020 (Week 27)",California,-0.90180905
"Jun 29, 2020 to Jul 5, 2020 (Week 27)",Arkansas,-0.696622068
"Jun 29, 2020 to Jul 5, 2020 (Week 27)",Georgia,-0.596028028
"Jan 6, 2020 to Jan 12, 2020 (Week 2)",Mississippi,-0.009119136
"Jan 6, 2020 to Jan 12, 2020 (Week 2)",Nevada,-0.001186189
"Jan 6, 2020 to Jan 12, 2020 (Week 2)",Minnesota,-0.009891975
"Jan 6, 2020 to Jan 12, 2020 (Week 2)",New Hampshire,-0.014150407
"Jan 6, 2020 to Jan 12, 2020 (Week 2)",Massachusetts,-0.006161105
"Jan 6, 2020 to Jan 12, 2020 (Week 2)",Michigan,-0.012940653
"Jan 6, 2020 to Jan 12, 2020 (Week 2)",Montana,-0.015247856
"Jan 6, 2020 to Jan 12, 2020 (Week 2)",Missouri,-0.007169432
"Jan 6, 2020 to Jan 12, 2020 (Week 2)",Nebraska,-0.010646293
"Jan 6, 2020 to Jan 12, 2020 (Week 2)",New Jersey,-0.013725387
"Jan 13, 2020 to Jan 19, 2020 (Week 3)",Mississippi,0.063995357
"Jan 13, 2020 to Jan 19, 2020 (Week 3)",New Hampshire,0.15170415
"Jan 13, 2020 to Jan 19, 2020 (Week 3)",Missouri,0.063562418
"Jan 13, 2020 to Jan 19, 2020 (Week 3)",Michigan,0.047303436
"Jan 13, 2020 to Jan 19, 2020 (Week 3)",Nebraska,0.101712313
"Jan 13, 2020 to Jan 19, 2020 (Week 3)",Montana,0.052592958
"Jan 13, 2020 to Jan 19, 2020 (Week 3)",Nevada,0.056943242
"Jan 13, 2020 to Jan 19, 2020 (Week 3)",Minnesota,0.037685205
"Jan 13, 2020 to Jan 19, 2020 (Week 3)",Massachusetts,0.097184472
"Jan 13, 2020 to Jan 19, 2020 (Week 3)",New Jersey,0.133725918
"Jan 20, 2020 to Jan 26, 2020 (Week 4)",Minnesota,0.056786284
"Jan 20, 2020 to Jan 26, 2020 (Week 4)",Massachusetts,0.12677836
"Jan 20, 2020 to Jan 26, 2020 (Week 4)",Mississippi,0.037038082
"Jan 20, 2020 to Jan 26, 2020 (Week 4)",New Jersey,0.207762592
"Jan 20, 2020 to Jan 26, 2020 (Week 4)",Michigan,-0.001334177
"Jan 20, 2020 to Jan 26, 2020 (Week 4)",Nebraska,0.102180051
"Jan 20, 2020 to Jan 26, 2020 (Week 4)",Missouri,0.063930988
"Jan 20, 2020 to Jan 26, 2020 (Week 4)",Montana,-0.002428241
"Jan 20, 2020 to Jan 26, 2020 (Week 4)",Nevada,0.032067104
"Jan 20, 2020 to Jan 26, 2020 (Week 4)",New Hampshire,0.217308097
"Jan 27, 2020 to Feb 2, 2020 (Week 5)",New Jersey,0.138515642
"Jan 27, 2020 to Feb 2, 2020 (Week 5)",New Hampshire,0.151767167
"Jan 27, 2020 to Feb 2, 2020 (Week 5)",Nevada,0.006383145
"Jan 27, 2020 to Feb 2, 2020 (Week 5)",Missouri,0.023654381
"Jan 27, 2020 to Feb 2, 2020 (Week 5)",Montana,0.05880299
"Jan 27, 2020 to Feb 2, 2020 (Week 5)",Michigan,0.039101067
"Jan 27, 2020 to Feb 2, 2020 (Week 5)",Nebraska,0.066176281
"Jan 27, 2020 to Feb 2, 2020 (Week 5)",Massachusetts,0.093236575
"Jan 27, 2020 to Feb 2, 2020 (Week 5)",Minnesota,0.042251881
"Jan 27, 2020 to Feb 2, 2020 (Week 5)",Mississippi,0.006483099
"Feb 3, 2020 to Feb 9, 2020 (Week 6)",New Hampshire,0.20346518
"Feb 3, 2020 to Feb 9, 2020 (Week 6)",Nebraska,0.124949298
"Feb 3, 2020 to Feb 9, 2020 (Week 6)",Montana,0.136321466
"Feb 3, 2020 to Feb 9, 2020 (Week 6)",Minnesota,0.097588256
"Feb 3, 2020 to Feb 9, 2020 (Week 6)",Missouri,0.073685217
"Feb 3, 2020 to Feb 9, 2020 (Week 6)",Nevada,0.033383631
"Feb 3, 2020 to Feb 9, 2020 (Week 6)",Massachusetts,0.094025819
"Feb 3, 2020 to Feb 9, 2020 (Week 6)",New Jersey,0.136835482
"Feb 3, 2020 to Feb 9, 2020 (Week 6)",Mississippi,0.07127675
"Feb 3, 2020 to Feb 9, 2020 (Week 6)",Michigan,0.088773445
"Feb 10, 2020 to Feb 16, 2020 (Week 7)",Montana,0.176298966
"Feb 10, 2020 to Feb 16, 2020 (Week 7)",New Hampshire,0.108361342
"Feb 10, 2020 to Feb 16, 2020 (Week 7)",Mississippi,0.130792756
"Feb 10, 2020 to Feb 16, 2020 (Week 7)",Minnesota,0.131225024
"Feb 10, 2020 to Feb 16, 2020 (Week 7)",Nebraska,0.063491537
"Feb 10, 2020 to Feb 16, 2020 (Week 7)",Massachusetts,0.059002445
"Feb 10, 2020 to Feb 16, 2020 (Week 7)",Michigan,0.066825502
"Feb 10, 2020 to Feb 16, 2020 (Week 7)",Missouri,0.04042358
"Feb 10, 2020 to Feb 16, 2020 (Week 7)",New Jersey,0.082839777
"Feb 10, 2020 to Feb 16, 2020 (Week 7)",Nevada,0.054776133
"Feb 17, 2020 to Feb 23, 2020 (Week 8)",New Jersey,0.062670763
"Feb 17, 2020 to Feb 23, 2020 (Week 8)",Mississippi,-0.024884654
"Feb 17, 2020 to Feb 23, 2020 (Week 8)",Massachusetts,0.02962638
"Feb 17, 2020 to Feb 23, 2020 (Week 8)",Missouri,-0.041587471
"Feb 17, 2020 to Feb 23, 2020 (Week 8)",Minnesota,0.000522763
"Feb 17, 2020 to Feb 23, 2020 (Week 8)",Michigan,-0.008546794
"Feb 17, 2020 to Feb 23, 2020 (Week 8)",Montana,-0.063953172
"Feb 17, 2020 to Feb 23, 2020 (Week 8)",New Hampshire,0.053566865
"Feb 17, 2020 to Feb 23, 2020 (Week 8)",Nebraska,0.021397916
"Feb 17, 2020 to Feb 23, 2020 (Week 8)",Nevada,0.048043556
"Feb 24, 2020 to Mar 1, 2020 (Week 9)",Massachusetts,-0.022568148
"Feb 24, 2020 to Mar 1, 2020 (Week 9)",Minnesota,-0.033458374
"Feb 24, 2020 to Mar 1, 2020 (Week 9)",New Jersey,0.018244707
"Feb 24, 2020 to Mar 1, 2020 (Week 9)",Montana,-0.089116377
"Feb 24, 2020 to Mar 1, 2020 (Week 9)",Mississippi,-0.049203248
"Feb 24, 2020 to Mar 1, 2020 (Week 9)",Nevada,-0.046499126
"Feb 24, 2020 to Mar 1, 2020 (Week 9)",Michigan,0.021423558
"Feb 24, 2020 to Mar 1, 2020 (Week 9)",Missouri,-0.05497511
"Feb 24, 2020 to Mar 1, 2020 (Week 9)",New Hampshire,0.029242847
"Feb 24, 2020 to Mar 1, 2020 (Week 9)",Nebraska,-0.013832386
"Mar 2, 2020 to Mar 8, 2020 (Week 10)",Mississippi,-0.142589467
"Mar 2, 2020 to Mar 8, 2020 (Week 10)",Massachusetts,-0.122748478
"Mar 2, 2020 to Mar 8, 2020 (Week 10)",Minnesota,-0.088541274
"Mar 2, 2020 to Mar 8, 2020 (Week 10)",Michigan,-0.101803352
"Mar 2, 2020 to Mar 8, 2020 (Week 10)",Montana,-0.153867247
"Mar 2, 2020 to Mar 8, 2020 (Week 10)",Missouri,-0.144433434
"Mar 2, 2020 to Mar 8, 2020 (Week 10)",New Jersey,-0.116758325
"Mar 2, 2020 to Mar 8, 2020 (Week 10)",New Hampshire,-0.108265175
"Mar 2, 2020 to Mar 8, 2020 (Week 10)",Nebraska,-0.119925478
"Mar 2, 2020 to Mar 8, 2020 (Week 10)",Nevada,-0.05321008
"Mar 9, 2020 to Mar 15, 2020 (Week 11)",Nebraska,-0.421528716
"Mar 9, 2020 to Mar 15, 2020 (Week 11)",New Hampshire,-0.48092619
"Mar 9, 2020 to Mar 15, 2020 (Week 11)",Missouri,-0.407953408
"Mar 9, 2020 to Mar 15, 2020 (Week 11)",Massachusetts,-0.452492972
"Mar 9, 2020 to Mar 15, 2020 (Week 11)",Mississippi,-0.355503202
"Mar 9, 2020 to Mar 15, 2020 (Week 11)",New Jersey,-0.489603756
"Mar 9, 2020 to Mar 15, 2020 (Week 11)",Nevada,-0.418154825
"Mar 9, 2020 to Mar 15, 2020 (Week 11)",Michigan,-0.380368166
"Mar 9, 2020 to Mar 15, 2020 (Week 11)",Montana,-0.267073468
"Mar 9, 2020 to Mar 15, 2020 (Week 11)",Minnesota,-0.302217214
"Mar 16, 2020 to Mar 22, 2020 (Week 12)",Nevada,-0.71604623
"Mar 16, 2020 to Mar 22, 2020 (Week 12)",New Hampshire,-0.899950128
"Mar 16, 2020 to Mar 22, 2020 (Week 12)",Mississippi,-0.798208394
"Mar 16, 2020 to Mar 22, 2020 (Week 12)",Massachusetts,-0.866472506
"Mar 16, 2020 to Mar 22, 2020 (Week 12)",Missouri,-0.862839518
"Mar 16, 2020 to Mar 22, 2020 (Week 12)",Michigan,-0.88463932
"Mar 16, 2020 to Mar 22, 2020 (Week 12)",Montana,-0.76665418
"Mar 16, 2020 to Mar 22, 2020 (Week 12)",New Jersey,-0.931486873
"Mar 16, 2020 to Mar 22, 2020 (Week 12)",Minnesota,-0.732126756
"Mar 16, 2020 to Mar 22, 2020 (Week 12)",Nebraska,-0.839073747
"Mar 23, 2020 to Mar 29, 2020 (Week 13)",New Jersey,-0.995459097
"Mar 23, 2020 to Mar 29, 2020 (Week 13)",Nebraska,-0.899554504
"Mar 23, 2020 to Mar 29, 2020 (Week 13)",New Hampshire,-0.948881873
"Mar 23, 2020 to Mar 29, 2020 (Week 13)",Michigan,-0.939492768
"Mar 23, 2020 to Mar 29, 2020 (Week 13)",Mississippi,-0.855878136
"Mar 23, 2020 to Mar 29, 2020 (Week 13)",Massachusetts,-0.923150025
"Mar 23, 2020 to Mar 29, 2020 (Week 13)",Nevada,-0.79664956
"Mar 23, 2020 to Mar 29, 2020 (Week 13)",Missouri,-0.918259907
"Mar 23, 2020 to Mar 29, 2020 (Week 13)",Montana,-0.813060487
"Mar 23, 2020 to Mar 29, 2020 (Week 13)",Minnesota,-0.787947316
"Mar 30, 2020 to Apr 5, 2020 (Week 14)",Michigan,-0.923137837
"Mar 30, 2020 to Apr 5, 2020 (Week 14)",Massachusetts,-0.921789904
"Mar 30, 2020 to Apr 5, 2020 (Week 14)",Nebraska,-0.894656222
"Mar 30, 2020 to Apr 5, 2020 (Week 14)",Montana,-0.797741933
"Mar 30, 2020 to Apr 5, 2020 (Week 14)",New Jersey,-0.997770371
"Mar 30, 2020 to Apr 5, 2020 (Week 14)",Mississippi,-0.830169021
"Mar 30, 2020 to Apr 5, 2020 (Week 14)",New Hampshire,-0.948388907
"Mar 30, 2020 to Apr 5, 2020 (Week 14)",Missouri,-0.907990285
"Mar 30, 2020 to Apr 5, 2020 (Week 14)",Minnesota,-0.783085764
"Mar 30, 2020 to Apr 5, 2020 (Week 14)",Nevada,-0.808279609
"Apr 6, 2020 to Apr 12, 2020 (Week 15)",New Hampshire,-0.944844204
"Apr 6, 2020 to Apr 12, 2020 (Week 15)",Massachusetts,-0.917644788
"Apr 6, 2020 to Apr 12, 2020 (Week 15)",Minnesota,-0.776576361
"Apr 6, 2020 to Apr 12, 2020 (Week 15)",New Jersey,-0.995991013
"Apr 6, 2020 to Apr 12, 2020 (Week 15)",Montana,-0.759700966
"Apr 6, 2020 to Apr 12, 2020 (Week 15)",Missouri,-0.903507269
"Apr 6, 2020 to Apr 12, 2020 (Week 15)",Nebraska,-0.887855902
"Apr 6, 2020 to Apr 12, 2020 (Week 15)",Nevada,-0.786394442
"Apr 6, 2020 to Apr 12, 2020 (Week 15)",Mississippi,-0.824576944
"Apr 6, 2020 to Apr 12, 2020 (Week 15)",Michigan,-0.914197502
"Apr 13, 2020 to Apr 19, 2020 (Week 16)",Minnesota,-0.750215356
"Apr 13, 2020 to Apr 19, 2020 (Week 16)",New Hampshire,-0.919701685
"Apr 13, 2020 to Apr 19, 2020 (Week 16)",New Jersey,-0.966225984
"Apr 13, 2020 to Apr 19, 2020 (Week 16)",Nebraska,-0.868165794
"Apr 13, 2020 to Apr 19, 2020 (Week 16)",Michigan,-0.859357286
"Apr 13, 2020 to Apr 19, 2020 (Week 16)",Mississippi,-0.784056091
"Apr 13, 2020 to Apr 19, 2020 (Week 16)",Nevada,-0.725217794
"Apr 13, 2020 to Apr 19, 2020 (Week 16)",Massachusetts,-0.895790759
"Apr 13, 2020 to Apr 19, 2020 (Week 16)",Montana,-0.706914541
"Apr 13, 2020 to Apr 19, 2020 (Week 16)",Missouri,-0.871580745
"Apr 20, 2020 to Apr 26, 2020 (Week 17)",Minnesota,-0.743208178
"Apr 20, 2020 to Apr 26, 2020 (Week 17)",Nebraska,-0.859211556
"Apr 20, 2020 to Apr 26, 2020 (Week 17)",Mississippi,-0.779112165
"Apr 20, 2020 to Apr 26, 2020 (Week 17)",Montana,-0.735463697
"Apr 20, 2020 to Apr 26, 2020 (Week 17)",Nevada,-0.726067352
"Apr 20, 2020 to Apr 26, 2020 (Week 17)",Michigan,-0.868495707
"Apr 20, 2020 to Apr 26, 2020 (Week 17)",New Hampshire,-0.911394916
"Apr 20, 2020 to Apr 26, 2020 (Week 17)",Missouri,-0.85776684
"Apr 20, 2020 to Apr 26, 2020 (Week 17)",New Jersey,-0.972626615
"Apr 20, 2020 to Apr 26, 2020 (Week 17)",Massachusetts,-0.895909747
"Apr 27, 2020 to May 3, 2020 (Week 18)",Nebraska,-0.846039961
"Apr 27, 2020 to May 3, 2020 (Week 18)",New Hampshire,-0.89950038
"Apr 27, 2020 to May 3, 2020 (Week 18)",Minnesota,-0.725159374
"Apr 27, 2020 to May 3, 2020 (Week 18)",Massachusetts,-0.893527847
"Apr 27, 2020 to May 3, 2020 (Week 18)",Nevada,-0.72240218
"Apr 27, 2020 to May 3, 2020 (Week 18)",Missouri,-0.836635609
"Apr 27, 2020 to May 3, 2020 (Week 18)",Montana,-0.730262304
"Apr 27, 2020 to May 3, 2020 (Week 18)",Michigan,-0.848540758
"Apr 27, 2020 to May 3, 2020 (Week 18)",New Jersey,-0.972010443
"Apr 27, 2020 to May 3, 2020 (Week 18)",Mississippi,-0.746573182
"May 4, 2020 to May 10, 2020 (Week 19)",Massachusetts,-0.871113019
"May 4, 2020 to May 10, 2020 (Week 19)",Missouri,-0.782635844
"May 4, 2020 to May 10, 2020 (Week 19)",Michigan,-0.799854313
"May 4, 2020 to May 10, 2020 (Week 19)",Nebraska,-0.818387766
"May 4, 2020 to May 10, 2020 (Week 19)",Nevada,-0.680237195
"May 4, 2020 to May 10, 2020 (Week 19)",New Hampshire,-0.874174356
"May 4, 2020 to May 10, 2020 (Week 19)",New Jersey,-0.933208304
"May 4, 2020 to May 10, 2020 (Week 19)",Montana,-0.662914724
"May 4, 2020 to May 10, 2020 (Week 19)",Mississippi,-0.693163492
"May 4, 2020 to May 10, 2020 (Week 19)",Minnesota,-0.692846061
"May 11, 2020 to May 17, 2020 (Week 20)",New Hampshire,-0.883414284
"May 11, 2020 to May 17, 2020 (Week 20)",Montana,-0.640046065
"May 11, 2020 to May 17, 2020 (Week 20)",New Jersey,-0.928661035
"May 11, 2020 to May 17, 2020 (Week 20)",Michigan,-0.760560932
"May 11, 2020 to May 17, 2020 (Week 20)",Minnesota,-0.669034102
"May 11, 2020 to May 17, 2020 (Week 20)",Missouri,-0.746106212
"May 11, 2020 to May 17, 2020 (Week 20)",Nevada,-0.632799693
"May 11, 2020 to May 17, 2020 (Week 20)",Mississippi,-0.647073956
"May 11, 2020 to May 17, 2020 (Week 20)",Nebraska,-0.79289663
"May 11, 2020 to May 17, 2020 (Week 20)",Massachusetts,-0.860679482
"May 18, 2020 to May 24, 2020 (Week 21)",Missouri,-0.650487764
"May 18, 2020 to May 24, 2020 (Week 21)",Mississippi,-0.539851846
"May 18, 2020 to May 24, 2020 (Week 21)",Montana,-0.502811797
"May 18, 2020 to May 24, 2020 (Week 21)",Nebraska,-0.733811803
"May 18, 2020 to May 24, 2020 (Week 21)",Michigan,-0.645426165
"May 18, 2020 to May 24, 2020 (Week 21)",New Hampshire,-0.829846856
"May 18, 2020 to May 24, 2020 (Week 21)",Nevada,-0.524037001
"May 18, 2020 to May 24, 2020 (Week 21)",Massachusetts,-0.816608145
"May 18, 2020 to May 24, 2020 (Week 21)",Minnesota,-0.59225781
"May 18, 2020 to May 24, 2020 (Week 21)",New Jersey,-0.872014204
"May 25, 2020 to May 31, 2020 (Week 22)",Nebraska,-0.695737851
"May 25, 2020 to May 31, 2020 (Week 22)",New Jersey,-0.837231224
"May 25, 2020 to May 31, 2020 (Week 22)",Minnesota,-0.537819523
"May 25, 2020 to May 31, 2020 (Week 22)",Montana,-0.475933037
"May 25, 2020 to May 31, 2020 (Week 22)",Massachusetts,-0.788622537
"May 25, 2020 to May 31, 2020 (Week 22)",Michigan,-0.610639625
"May 25, 2020 to May 31, 2020 (Week 22)",Mississippi,-0.489288313
"May 25, 2020 to May 31, 2020 (Week 22)",Missouri,-0.585278019
"May 25, 2020 to May 31, 2020 (Week 22)",New Hampshire,-0.778949261
"May 25, 2020 to May 31, 2020 (Week 22)",Nevada,-0.356258932
"Jun 1, 2020 to Jun 7, 2020 (Week 23)",Mississippi,-0.533366532
"Jun 1, 2020 to Jun 7, 2020 (Week 23)",Montana,-0.459530105
"Jun 1, 2020 to Jun 7, 2020 (Week 23)",Minnesota,-0.52963743
"Jun 1, 2020 to Jun 7, 2020 (Week 23)",Nebraska,-0.619662248
"Jun 1, 2020 to Jun 7, 2020 (Week 23)",Michigan,-0.609199819
"Jun 1, 2020 to Jun 7, 2020 (Week 23)",Missouri,-0.549007319
"Jun 1, 2020 to Jun 7, 2020 (Week 23)",Massachusetts,-0.69620703
"Jun 1, 2020 to Jun 7, 2020 (Week 23)",New Hampshire,-0.647297757
"Jun 1, 2020 to Jun 7, 2020 (Week 23)",New Jersey,-0.693974483
"Jun 1, 2020 to Jun 7, 2020 (Week 23)",Nevada,-0.053189258
"Jun 8, 2020 to Jun 14, 2020 (Week 24)",Nevada,0.287647485
"Jun 8, 2020 to Jun 14, 2020 (Week 24)",New Hampshire,-0.523107453
"Jun 8, 2020 to Jun 14, 2020 (Week 24)",Minnesota,-0.373753583
"Jun 8, 2020 to Jun 14, 2020 (Week 24)",Mississippi,-0.35310718
"Jun 8, 2020 to Jun 14, 2020 (Week 24)",Missouri,-0.405133111
"Jun 8, 2020 to Jun 14, 2020 (Week 24)",Montana,-0.343404374
"Jun 8, 2020 to Jun 14, 2020 (Week 24)",Michigan,-0.464021562
"Jun 8, 2020 to Jun 14, 2020 (Week 24)",New Jersey,-0.584796219
"Jun 8, 2020 to Jun 14, 2020 (Week 24)",Nebraska,-0.487577155
"Jun 8, 2020 to Jun 14, 2020 (Week 24)",Massachusetts,-0.559832551
"Jun 15, 2020 to Jun 21, 2020 (Week 25)",Mississippi,-0.384594727
"Jun 15, 2020 to Jun 21, 2020 (Week 25)",Michigan,-0.538891173
"Jun 15, 2020 to Jun 21, 2020 (Week 25)",Montana,-0.446010693
"Jun 15, 2020 to Jun 21, 2020 (Week 25)",Minnesota,-0.425684516
"Jun 15, 2020 to Jun 21, 2020 (Week 25)",New Hampshire,-0.59361373
"Jun 15, 2020 to Jun 21, 2020 (Week 25)",Massachusetts,-0.602895346
"Jun 15, 2020 to Jun 21, 2020 (Week 25)",Nebraska,-0.54390122
"Jun 15, 2020 to Jun 21, 2020 (Week 25)",New Jersey,-0.705443181
"Jun 15, 2020 to Jun 21, 2020 (Week 25)",Missouri,-0.468097848
"Jun 15, 2020 to Jun 21, 2020 (Week 25)",Nevada,0.033811893
"Jun 22, 2020 to Jun 28, 2020 (Week 26)",Mississippi,-0.356101585
"Jun 22, 2020 to Jun 28, 2020 (Week 26)",New Hampshire,-0.493477229
"Jun 22, 2020 to Jun 28, 2020 (Week 26)",New Jersey,-0.594364143
"Jun 22, 2020 to Jun 28, 2020 (Week 26)",Montana,-0.345489326
"Jun 22, 2020 to Jun 28, 2020 (Week 26)",Missouri,-0.398040239
"Jun 22, 2020 to Jun 28, 2020 (Week 26)",Nevada,-0.019697979
"Jun 22, 2020 to Jun 28, 2020 (Week 26)",Massachusetts,-0.465716092
"Jun 22, 2020 to Jun 28, 2020 (Week 26)",Michigan,-0.434852675
"Jun 22, 2020 to Jun 28, 2020 (Week 26)",Nebraska,-0.426056393
"Jun 22, 2020 to Jun 28, 2020 (Week 26)",Minnesota,-0.342350638
"Jun 29, 2020 to Jul 5, 2020 (Week 27)",Mississippi,-0.558951174
"Jun 29, 2020 to Jul 5, 2020 (Week 27)",New Jersey,-0.719296103
"Jun 29, 2020 to Jul 5, 2020 (Week 27)",New Hampshire,-0.650035618
"Jun 29, 2020 to Jul 5, 2020 (Week 27)",Minnesota,-0.456760974
"Jun 29, 2020 to Jul 5, 2020 (Week 27)",Massachusetts,-0.579190142
"Jun 29, 2020 to Jul 5, 2020 (Week 27)",Montana,-0.437347563
"Jun 29, 2020 to Jul 5, 2020 (Week 27)",Michigan,-0.57949985
"Jun 29, 2020 to Jul 5, 2020 (Week 27)",Missouri,-0.577245648
"Jun 29, 2020 to Jul 5, 2020 (Week 27)",Nebraska,-0.558510015
"Jun 29, 2020 to Jul 5, 2020 (Week 27)",Nevada,-0.205279267
"Jan 6, 2020 to Jan 12, 2020 (Week 2)",Ohio,-0.009407151
"Jan 6, 2020 to Jan 12, 2020 (Week 2)",Rhode Island,-0.0021447
"Jan 6, 2020 to Jan 12, 2020 (Week 2)",New York,-0.007556407
"Jan 6, 2020 to Jan 12, 2020 (Week 2)",South Carolina,-0.0084136
"Jan 6, 2020 to Jan 12, 2020 (Week 2)",Pennsylvania,-0.013119854
"Jan 6, 2020 to Jan 12, 2020 (Week 2)",Oregon,-0.009731503
"Jan 6, 2020 to Jan 12, 2020 (Week 2)",North Dakota,-0.005348797
"Jan 6, 2020 to Jan 12, 2020 (Week 2)",North Carolina,-0.012735724
"Jan 6, 2020 to Jan 12, 2020 (Week 2)",New Mexico,-0.008007711
"Jan 6, 2020 to Jan 12, 2020 (Week 2)",Oklahoma,-0.007404804
"Jan 13, 2020 to Jan 19, 2020 (Week 3)",North Carolina,0.071284714
"Jan 13, 2020 to Jan 19, 2020 (Week 3)",North Dakota,0.03776503
"Jan 13, 2020 to Jan 19, 2020 (Week 3)",Oklahoma,0.075278313
"Jan 13, 2020 to Jan 19, 2020 (Week 3)",New York,0.04552168
"Jan 13, 2020 to Jan 19, 2020 (Week 3)",Ohio,0.041479624
"Jan 13, 2020 to Jan 19, 2020 (Week 3)",Pennsylvania,0.073875457
"Jan 13, 2020 to Jan 19, 2020 (Week 3)",Rhode Island,-0.001349838
"Jan 13, 2020 to Jan 19, 2020 (Week 3)",New Mexico,0.013325324
"Jan 13, 2020 to Jan 19, 2020 (Week 3)",South Carolina,0.119340017
"Jan 13, 2020 to Jan 19, 2020 (Week 3)",Oregon,0.041517371
"Jan 20, 2020 to Jan 26, 2020 (Week 4)",Ohio,0.042091058
"Jan 20, 2020 to Jan 26, 2020 (Week 4)",Oklahoma,0.113225022
"Jan 20, 2020 to Jan 26, 2020 (Week 4)",New Mexico,0.003079687
"Jan 20, 2020 to Jan 26, 2020 (Week 4)",Oregon,0.056612513
"Jan 20, 2020 to Jan 26, 2020 (Week 4)",New York,0.03842955
"Jan 20, 2020 to Jan 26, 2020 (Week 4)",North Dakota,0.110364782
"Jan 20, 2020 to Jan 26, 2020 (Week 4)",North Carolina,0.103077006
"Jan 20, 2020 to Jan 26, 2020 (Week 4)",Pennsylvania,0.07863043
"Jan 20, 2020 to Jan 26, 2020 (Week 4)",Rhode Island,-0.007236536
"Jan 20, 2020 to Jan 26, 2020 (Week 4)",South Carolina,0.092973103
"Jan 27, 2020 to Feb 2, 2020 (Week 5)",Oregon,0.080023223
"Jan 27, 2020 to Feb 2, 2020 (Week 5)",Ohio,0.069791825
"Jan 27, 2020 to Feb 2, 2020 (Week 5)",Oklahoma,0.048272482
"Jan 27, 2020 to Feb 2, 2020 (Week 5)",New York,0.024175123
"Jan 27, 2020 to Feb 2, 2020 (Week 5)",Rhode Island,0.063154061
"Jan 27, 2020 to Feb 2, 2020 (Week 5)",North Dakota,0.146778304
"Jan 27, 2020 to Feb 2, 2020 (Week 5)",New Mexico,-0.042635009
"Jan 27, 2020 to Feb 2, 2020 (Week 5)",North Carolina,0.088889816
"Jan 27, 2020 to Feb 2, 2020 (Week 5)",South Carolina,0.016152298
"Jan 27, 2020 to Feb 2, 2020 (Week 5)",Pennsylvania,0.037944233
"Feb 3, 2020 to Feb 9, 2020 (Week 6)",Oregon,0.149999605
"Feb 3, 2020 to Feb 9, 2020 (Week 6)",Pennsylvania,0.084169305
"Feb 3, 2020 to Feb 9, 2020 (Week 6)",Oklahoma,0.037930715
"Feb 3, 2020 to Feb 9, 2020 (Week 6)",Ohio,0.134831777
"Feb 3, 2020 to Feb 9, 2020 (Week 6)",North Dakota,0.159699462
"Feb 3, 2020 to Feb 9, 2020 (Week 6)",South Carolina,0.074601354
"Feb 3, 2020 to Feb 9, 2020 (Week 6)",North Carolina,0.093421196
"Feb 3, 2020 to Feb 9, 2020 (Week 6)",New Mexico,0.022035892
"Feb 3, 2020 to Feb 9, 2020 (Week 6)",Rhode Island,0.256841956
"Feb 3, 2020 to Feb 9, 2020 (Week 6)",New York,0.073507413
"Feb 10, 2020 to Feb 16, 2020 (Week 7)",North Dakota,0.136306359
"Feb 10, 2020 to Feb 16, 2020 (Week 7)",New York,0.077244504
"Feb 10, 2020 to Feb 16, 2020 (Week 7)",Rhode Island,0.182736562
"Feb 10, 2020 to Feb 16, 2020 (Week 7)",Pennsylvania,0.058260734
"Feb 10, 2020 to Feb 16, 2020 (Week 7)",New Mexico,0.013501342
"Feb 10, 2020 to Feb 16, 2020 (Week 7)",North Carolina,0.050497424
"Feb 10, 2020 to Feb 16, 2020 (Week 7)",Ohio,0.124129454
"Feb 10, 2020 to Feb 16, 2020 (Week 7)",Oregon,0.140780274
"Feb 10, 2020 to Feb 16, 2020 (Week 7)",Oklahoma,-0.016785412
"Feb 10, 2020 to Feb 16, 2020 (Week 7)",South Carolina,0.033570976
"Feb 17, 2020 to Feb 23, 2020 (Week 8)",Oklahoma,-0.046761029
"Feb 17, 2020 to Feb 23, 2020 (Week 8)",North Dakota,0.029721148
"Feb 17, 2020 to Feb 23, 2020 (Week 8)",South Carolina,-0.049043122
"Feb 17, 2020 to Feb 23, 2020 (Week 8)",New Mexico,-0.043130725
"Feb 17, 2020 to Feb 23, 2020 (Week 8)",Oregon,0.006304164
"Feb 17, 2020 to Feb 23, 2020 (Week 8)",New York,-0.013173689
"Feb 17, 2020 to Feb 23, 2020 (Week 8)",Rhode Island,0.035423897
"Feb 17, 2020 to Feb 23, 2020 (Week 8)",Ohio,-0.018543955
"Feb 17, 2020 to Feb 23, 2020 (Week 8)",Pennsylvania,-0.032357677
"Feb 17, 2020 to Feb 23, 2020 (Week 8)",North Carolina,0.010527977
"Feb 24, 2020 to Mar 1, 2020 (Week 9)",New York,-0.081814002
"Feb 24, 2020 to Mar 1, 2020 (Week 9)",Rhode Island,-0.018679716
"Feb 24, 2020 to Mar 1, 2020 (Week 9)",Ohio,-0.019637914
"Feb 24, 2020 to Mar 1, 2020 (Week 9)",Pennsylvania,-0.055818452
"Feb 24, 2020 to Mar 1, 2020 (Week 9)",Oregon,-0.059562478
"Feb 24, 2020 to Mar 1, 2020 (Week 9)",Oklahoma,-0.095987115
"Feb 24, 2020 to Mar 1, 2020 (Week 9)",New Mexico,-0.138885754
"Feb 24, 2020 to Mar 1, 2020 (Week 9)",North Carolina,0.027535478
"Feb 24, 2020 to Mar 1, 2020 (Week 9)",South Carolina,-0.069318762
"Feb 24, 2020 to Mar 1, 2020 (Week 9)",North Dakota,-0.027154168
"Mar 2, 2020 to Mar 8, 2020 (Week 10)",North Carolina,-0.118754615
"Mar 2, 2020 to Mar 8, 2020 (Week 10)",South Carolina,-0.158326396
"Mar 2, 2020 to Mar 8, 2020 (Week 10)",Rhode Island,-0.103084187
"Mar 2, 2020 to Mar 8, 2020 (Week 10)",Ohio,-0.125471321
"Mar 2, 2020 to Mar 8, 2020 (Week 10)",New York,-0.134859313
"Mar 2, 2020 to Mar 8, 2020 (Week 10)",Oregon,-0.124982185
"Mar 2, 2020 to Mar 8, 2020 (Week 10)",Pennsylvania,-0.163258413
"Mar 2, 2020 to Mar 8, 2020 (Week 10)",New Mexico,-0.211991142
"Mar 2, 2020 to Mar 8, 2020 (Week 10)",Oklahoma,-0.206662526
"Mar 2, 2020 to Mar 8, 2020 (Week 10)",North Dakota,-0.172823688
"Mar 9, 2020 to Mar 15, 2020 (Week 11)",North Dakota,-0.364153061
"Mar 9, 2020 to Mar 15, 2020 (Week 11)",Rhode Island,-0.227828749
"Mar 9, 2020 to Mar 15, 2020 (Week 11)",Ohio,-0.386452642
"Mar 9, 2020 to Mar 15, 2020 (Week 11)",New York,-0.315408902
"Mar 9, 2020 to Mar 15, 2020 (Week 11)",South Carolina,-0.391358143
"Mar 9, 2020 to Mar 15, 2020 (Week 11)",New Mexico,-0.476091952
"Mar 9, 2020 to Mar 15, 2020 (Week 11)",Pennsylvania,-0.44980285
"Mar 9, 2020 to Mar 15, 2020 (Week 11)",Oregon,-0.343873806
"Mar 9, 2020 to Mar 15, 2020 (Week 11)",Oklahoma,-0.479641728
"Mar 9, 2020 to Mar 15, 2020 (Week 11)",North Carolina,-0.437175892
"Mar 16, 2020 to Mar 22, 2020 (Week 12)",Rhode Island,-0.786996086
"Mar 16, 2020 to Mar 22, 2020 (Week 12)",South Carolina,-1.005293913
"Mar 16, 2020 to Mar 22, 2020 (Week 12)",North Dakota,-0.871402586
"Mar 16, 2020 to Mar 22, 2020 (Week 12)",Oregon,-0.778357424
"Mar 16, 2020 to Mar 22, 2020 (Week 12)",North Carolina,-0.892671847
"Mar 16, 2020 to Mar 22, 2020 (Week 12)",Pennsylvania,-0.918318784
"Mar 16, 2020 to Mar 22, 2020 (Week 12)",New York,-0.780878876
"Mar 16, 2020 to Mar 22, 2020 (Week 12)",Ohio,-0.83238333
"Mar 16, 2020 to Mar 22, 2020 (Week 12)",Oklahoma,-0.887318369
"Mar 16, 2020 to Mar 22, 2020 (Week 12)",New Mexico,-0.744630141
"Mar 23, 2020 to Mar 29, 2020 (Week 13)",North Carolina,-0.957942997
"Mar 23, 2020 to Mar 29, 2020 (Week 13)",Oregon,-0.846945794
"Mar 23, 2020 to Mar 29, 2020 (Week 13)",New Mexico,-0.81340258
"Mar 23, 2020 to Mar 29, 2020 (Week 13)",Pennsylvania,-0.981386922
"Mar 23, 2020 to Mar 29, 2020 (Week 13)",Oklahoma,-0.930683423
"Mar 23, 2020 to Mar 29, 2020 (Week 13)",North Dakota,-0.923915137
"Mar 23, 2020 to Mar 29, 2020 (Week 13)",South Carolina,-1.090553002
"Mar 23, 2020 to Mar 29, 2020 (Week 13)",New York,-0.864858802
"Mar 23, 2020 to Mar 29, 2020 (Week 13)",Rhode Island,-0.815547729
"Mar 23, 2020 to Mar 29, 2020 (Week 13)",Ohio,-0.898550663
"Mar 30, 2020 to Apr 5, 2020 (Week 14)",North Dakota,-0.891304221
"Mar 30, 2020 to Apr 5, 2020 (Week 14)",New York,-0.852654991
"Mar 30, 2020 to Apr 5, 2020 (Week 14)",Rhode Island,-0.800035429
"Mar 30, 2020 to Apr 5, 2020 (Week 14)",Oklahoma,-0.927846456
"Mar 30, 2020 to Apr 5, 2020 (Week 14)",Ohio,-0.882716254
"Mar 30, 2020 to Apr 5, 2020 (Week 14)",South Carolina,-1.10952625
"Mar 30, 2020 to Apr 5, 2020 (Week 14)",New Mexico,-0.823908901
"Mar 30, 2020 to Apr 5, 2020 (Week 14)",Pennsylvania,-0.973061753
"Mar 30, 2020 to Apr 5, 2020 (Week 14)",North Carolina,-0.959086987
"Mar 30, 2020 to Apr 5, 2020 (Week 14)",Oregon,-0.842592407
"Apr 6, 2020 to Apr 12, 2020 (Week 15)",Oregon,-0.829186333
"Apr 6, 2020 to Apr 12, 2020 (Week 15)",Rhode Island,-0.778740019
"Apr 6, 2020 to Apr 12, 2020 (Week 15)",New Mexico,-0.820260785
"Apr 6, 2020 to Apr 12, 2020 (Week 15)",South Carolina,-1.094997123
"Apr 6, 2020 to Apr 12, 2020 (Week 15)",Pennsylvania,-0.961376097
"Apr 6, 2020 to Apr 12, 2020 (Week 15)",New York,-0.841236564
"Apr 6, 2020 to Apr 12, 2020 (Week 15)",North Carolina,-0.936878244
"Apr 6, 2020 to Apr 12, 2020 (Week 15)",Ohio,-0.876444928
"Apr 6, 2020 to Apr 12, 2020 (Week 15)",North Dakota,-0.884155806
"Apr 6, 2020 to Apr 12, 2020 (Week 15)",Oklahoma,-0.924102235
"Apr 13, 2020 to Apr 19, 2020 (Week 16)",North Dakota,-0.859229544
"Apr 13, 2020 to Apr 19, 2020 (Week 16)",North Carolina,-0.900465001
"Apr 13, 2020 to Apr 19, 2020 (Week 16)",Oregon,-0.78658864
"Apr 13, 2020 to Apr 19, 2020 (Week 16)",Ohio,-0.844043361
"Apr 13, 2020 to Apr 19, 2020 (Week 16)",New York,-0.816991118
"Apr 13, 2020 to Apr 19, 2020 (Week 16)",Oklahoma,-0.899208115
"Apr 13, 2020 to Apr 19, 2020 (Week 16)",South Carolina,-1.027599563
"Apr 13, 2020 to Apr 19, 2020 (Week 16)",New Mexico,-0.792945752
"Apr 13, 2020 to Apr 19, 2020 (Week 16)",Pennsylvania,-0.928865487
"Apr 13, 2020 to Apr 19, 2020 (Week 16)",Rhode Island,-0.779692969
"Apr 20, 2020 to Apr 26, 2020 (Week 17)",Rhode Island,-0.761178002
"Apr 20, 2020 to Apr 26, 2020 (Week 17)",Oklahoma,-0.890006697
"Apr 20, 2020 to Apr 26, 2020 (Week 17)",New Mexico,-0.766815273
"Apr 20, 2020 to Apr 26, 2020 (Week 17)",New York,-0.820125436
"Apr 20, 2020 to Apr 26, 2020 (Week 17)",Oregon,-0.790530915
"Apr 20, 2020 to Apr 26, 2020 (Week 17)",South Carolina,-0.983897386
"Apr 20, 2020 to Apr 26, 2020 (Week 17)",Ohio,-0.844218192
"Apr 20, 2020 to Apr 26, 2020 (Week 17)",Pennsylvania,-0.919976774
"Apr 20, 2020 to Apr 26, 2020 (Week 17)",North Carolina,-0.892114758
"Apr 20, 2020 to Apr 26, 2020 (Week 17)",North Dakota,-0.861307552
"Apr 27, 2020 to May 3, 2020 (Week 18)",New Mexico,-0.733704186
"Apr 27, 2020 to May 3, 2020 (Week 18)",Rhode Island,-0.758404571
"Apr 27, 2020 to May 3, 2020 (Week 18)",New York,-0.817328033
"Apr 27, 2020 to May 3, 2020 (Week 18)",South Carolina,-0.915083632
"Apr 27, 2020 to May 3, 2020 (Week 18)",Oklahoma,-0.880263719
"Apr 27, 2020 to May 3, 2020 (Week 18)",North Dakota,-0.843308092
"Apr 27, 2020 to May 3, 2020 (Week 18)",Ohio,-0.821198266
"Apr 27, 2020 to May 3, 2020 (Week 18)",North Carolina,-0.880432948
"Apr 27, 2020 to May 3, 2020 (Week 18)",Pennsylvania,-0.906461365
"Apr 27, 2020 to May 3, 2020 (Week 18)",Oregon,-0.763752596
"May 4, 2020 to May 10, 2020 (Week 19)",North Dakota,-0.795904235
"May 4, 2020 to May 10, 2020 (Week 19)",Rhode Island,-0.678545568
"May 4, 2020 to May 10, 2020 (Week 19)",South Carolina,-0.779605745
"May 4, 2020 to May 10, 2020 (Week 19)",Oregon,-0.736604621
"May 4, 2020 to May 10, 2020 (Week 19)",New Mexico,-0.689451314
"May 4, 2020 to May 10, 2020 (Week 19)",Pennsylvania,-0.857600465
"May 4, 2020 to May 10, 2020 (Week 19)",North Carolina,-0.823061736
"May 4, 2020 to May 10, 2020 (Week 19)",Ohio,-0.768937924
"May 4, 2020 to May 10, 2020 (Week 19)",Oklahoma,-0.858769432
"May 4, 2020 to May 10, 2020 (Week 19)",New York,-0.774371923
"May 11, 2020 to May 17, 2020 (Week 20)",Pennsylvania,-0.863813201
"May 11, 2020 to May 17, 2020 (Week 20)",Oregon,-0.704153266
"May 11, 2020 to May 17, 2020 (Week 20)",South Carolina,-0.570208641
"May 11, 2020 to May 17, 2020 (Week 20)",New Mexico,-0.678334763
"May 11, 2020 to May 17, 2020 (Week 20)",New York,-0.763520945
"May 11, 2020 to May 17, 2020 (Week 20)",North Dakota,-0.775834292
"May 11, 2020 to May 17, 2020 (Week 20)",Ohio,-0.746773869
"May 11, 2020 to May 17, 2020 (Week 20)",Oklahoma,-0.848971929
"May 11, 2020 to May 17, 2020 (Week 20)",North Carolina,-0.808286475
"May 11, 2020 to May 17, 2020 (Week 20)",Rhode Island,-0.697723796
"May 18, 2020 to May 24, 2020 (Week 21)",New Mexico,-0.597067452
"May 18, 2020 to May 24, 2020 (Week 21)",Rhode Island,-0.546239549
"May 18, 2020 to May 24, 2020 (Week 21)",Pennsylvania,-0.786408778
"May 18, 2020 to May 24, 2020 (Week 21)",New York,-0.674403004
"May 18, 2020 to May 24, 2020 (Week 21)",North Dakota,-0.650792325
"May 18, 2020 to May 24, 2020 (Week 21)",Oklahoma,-0.792211403
"May 18, 2020 to May 24, 2020 (Week 21)",Ohio,-0.653992171
"May 18, 2020 to May 24, 2020 (Week 21)",North Carolina,-0.718163552
"May 18, 2020 to May 24, 2020 (Week 21)",Oregon,-0.625777675
"May 18, 2020 to May 24, 2020 (Week 21)",South Carolina,-0.459652459
"May 25, 2020 to May 31, 2020 (Week 22)",Oklahoma,-0.731224822
"May 25, 2020 to May 31, 2020 (Week 22)",North Dakota,-0.646254855
"May 25, 2020 to May 31, 2020 (Week 22)",New York,-0.646319664
"May 25, 2020 to May 31, 2020 (Week 22)",Oregon,-0.591891795
"May 25, 2020 to May 31, 2020 (Week 22)",North Carolina,-0.662201151
"May 25, 2020 to May 31, 2020 (Week 22)",Ohio,-0.576380285
"May 25, 2020 to May 31, 2020 (Week 22)",South Carolina,-0.407125743
"May 25, 2020 to May 31, 2020 (Week 22)",Pennsylvania,-0.746582817
"May 25, 2020 to May 31, 2020 (Week 22)",New Mexico,-0.51183806
"May 25, 2020 to May 31, 2020 (Week 22)",Rhode Island,-0.548471365
"Jun 1, 2020 to Jun 7, 2020 (Week 23)",Oregon,-0.606052663
"Jun 1, 2020 to Jun 7, 2020 (Week 23)",Ohio,-0.553120913
"Jun 1, 2020 to Jun 7, 2020 (Week 23)",Oklahoma,-0.649678541
"Jun 1, 2020 to Jun 7, 2020 (Week 23)",North Dakota,-0.626698847
"Jun 1, 2020 to Jun 7, 2020 (Week 23)",New Mexico,-0.483209592
"Jun 1, 2020 to Jun 7, 2020 (Week 23)",Pennsylvania,-0.700869896
"Jun 1, 2020 to Jun 7, 2020 (Week 23)",North Carolina,-0.613538933
"Jun 1, 2020 to Jun 7, 2020 (Week 23)",South Carolina,-0.372640551
"Jun 1, 2020 to Jun 7, 2020 (Week 23)",Rhode Island,-0.545707437
"Jun 1, 2020 to Jun 7, 2020 (Week 23)",New York,-0.612329219
"Jun 8, 2020 to Jun 14, 2020 (Week 24)",Oklahoma,-0.523826388
"Jun 8, 2020 to Jun 14, 2020 (Week 24)",South Carolina,-0.317846628
"Jun 8, 2020 to Jun 14, 2020 (Week 24)",North Dakota,-0.506585368
"Jun 8, 2020 to Jun 14, 2020 (Week 24)",Rhode Island,-0.355411569
"Jun 8, 2020 to Jun 14, 2020 (Week 24)",Ohio,-0.397532967
"Jun 8, 2020 to Jun 14, 2020 (Week 24)",North Carolina,-0.491991251
"Jun 8, 2020 to Jun 14, 2020 (Week 24)",Pennsylvania,-0.579691285
"Jun 8, 2020 to Jun 14, 2020 (Week 24)",Oregon,-0.516635791
"Jun 8, 2020 to Jun 14, 2020 (Week 24)",New York,-0.475483163
"Jun 8, 2020 to Jun 14, 2020 (Week 24)",New Mexico,-0.349038205
"Jun 15, 2020 to Jun 21, 2020 (Week 25)",New York,-0.476701177
"Jun 15, 2020 to Jun 21, 2020 (Week 25)",Rhode Island,-0.422331642
"Jun 15, 2020 to Jun 21, 2020 (Week 25)",New Mexico,-0.43884659
"Jun 15, 2020 to Jun 21, 2020 (Week 25)",North Dakota,-0.528398872
"Jun 15, 2020 to Jun 21, 2020 (Week 25)",Oklahoma,-0.623724465
"Jun 15, 2020 to Jun 21, 2020 (Week 25)",Pennsylvania,-0.622047682
"Jun 15, 2020 to Jun 21, 2020 (Week 25)",Oregon,-0.560256143
"Jun 15, 2020 to Jun 21, 2020 (Week 25)",South Carolina,-0.467287737
"Jun 15, 2020 to Jun 21, 2020 (Week 25)",Ohio,-0.448516397
"Jun 15, 2020 to Jun 21, 2020 (Week 25)",North Carolina,-0.577056557
"Jun 22, 2020 to Jun 28, 2020 (Week 26)",Oregon,-0.517386946
"Jun 22, 2020 to Jun 28, 2020 (Week 26)",New Mexico,-0.4727997
"Jun 22, 2020 to Jun 28, 2020 (Week 26)",Oklahoma,-0.583156721
"Jun 22, 2020 to Jun 28, 2020 (Week 26)",North Dakota,-0.428388917
"Jun 22, 2020 to Jun 28, 2020 (Week 26)",Ohio,-0.352514618
"Jun 22, 2020 to Jun 28, 2020 (Week 26)",New York,-0.389352156
"Jun 22, 2020 to Jun 28, 2020 (Week 26)",South Carolina,-0.484862754
"Jun 22, 2020 to Jun 28, 2020 (Week 26)",Pennsylvania,-0.548173137
"Jun 22, 2020 to Jun 28, 2020 (Week 26)",Rhode Island,-0.342871668
"Jun 22, 2020 to Jun 28, 2020 (Week 26)",North Carolina,-0.521502297
"Jun 29, 2020 to Jul 5, 2020 (Week 27)",North Dakota,-0.589786314
"Jun 29, 2020 to Jul 5, 2020 (Week 27)",Ohio,-0.51257439
"Jun 29, 2020 to Jul 5, 2020 (Week 27)",South Carolina,-0.733088503
"Jun 29, 2020 to Jul 5, 2020 (Week 27)",New Mexico,-0.588978283
"Jun 29, 2020 to Jul 5, 2020 (Week 27)",Oregon,-0.628201935
"Jun 29, 2020 to Jul 5, 2020 (Week 27)",Pennsylvania,-0.689819731
"Jun 29, 2020 to Jul 5, 2020 (Week 27)",Oklahoma,-0.657515401
"Jun 29, 2020 to Jul 5, 2020 (Week 27)",Rhode Island,-0.423171801
"Jun 29, 2020 to Jul 5, 2020 (Week 27)",North Carolina,-0.663784633
"Jun 29, 2020 to Jul 5, 2020 (Week 27)",New York,-0.520212802
"Jan 6, 2020 to Jan 12, 2020 (Week 2)",Vermont,-0.01503176
"Jan 6, 2020 to Jan 12, 2020 (Week 2)",Utah,-0.0101915
"Jan 6, 2020 to Jan 12, 2020 (Week 2)",Virginia,-0.007346051
"Jan 6, 2020 to Jan 12, 2020 (Week 2)",Wisconsin,-0.013741098
"Jan 6, 2020 to Jan 12, 2020 (Week 2)",Texas,-0.008910983
"Jan 6, 2020 to Jan 12, 2020 (Week 2)","Washington, D.C.",0.00817016
"Jan 6, 2020 to Jan 12, 2020 (Week 2)",Tennessee,-0.007270082
"Jan 6, 2020 to Jan 12, 2020 (Week 2)",South Dakota,-0.016588258
"Jan 6, 2020 to Jan 12, 2020 (Week 2)",West Virginia,-0.008920822
"Jan 6, 2020 to Jan 12, 2020 (Week 2)",Washington,-0.018138992
"Jan 13, 2020 to Jan 19, 2020 (Week 3)",Vermont,0.098748528
"Jan 13, 2020 to Jan 19, 2020 (Week 3)","Washington, D.C.",-0.031735617
"Jan 13, 2020 to Jan 19, 2020 (Week 3)",West Virginia,0.161719678
"Jan 13, 2020 to Jan 19, 2020 (Week 3)",Texas,0.035652674
"Jan 13, 2020 to Jan 19, 2020 (Week 3)",Washington,0.044022997
"Jan 13, 2020 to Jan 19, 2020 (Week 3)",Utah,0.128332534
"Jan 13, 2020 to Jan 19, 2020 (Week 3)",Wisconsin,0.074103945
"Jan 13, 2020 to Jan 19, 2020 (Week 3)",South Dakota,0.041204076
"Jan 13, 2020 to Jan 19, 2020 (Week 3)",Virginia,0.106726997
"Jan 13, 2020 to Jan 19, 2020 (Week 3)",Tennessee,0.02948473
"Jan 20, 2020 to Jan 26, 2020 (Week 4)",Utah,0.151574088
"Jan 20, 2020 to Jan 26, 2020 (Week 4)",Tennessee,0.040712942
"Jan 20, 2020 to Jan 26, 2020 (Week 4)",Washington,0.05792569
"Jan 20, 2020 to Jan 26, 2020 (Week 4)",West Virginia,0.21326878
"Jan 20, 2020 to Jan 26, 2020 (Week 4)",South Dakota,0.023111362
"Jan 20, 2020 to Jan 26, 2020 (Week 4)","Washington, D.C.",0.110398756
"Jan 20, 2020 to Jan 26, 2020 (Week 4)",Virginia,0.157037806
"Jan 20, 2020 to Jan 26, 2020 (Week 4)",Texas,0.022904018
"Jan 20, 2020 to Jan 26, 2020 (Week 4)",Wisconsin,0.10799421
"Jan 20, 2020 to Jan 26, 2020 (Week 4)",Vermont,0.162087945
"Jan 27, 2020 to Feb 2, 2020 (Week 5)",West Virginia,0.091253518
"Jan 27, 2020 to Feb 2, 2020 (Week 5)",Vermont,0.034053128
"Jan 27, 2020 to Feb 2, 2020 (Week 5)",Wisconsin,0.094545898
"Jan 27, 2020 to Feb 2, 2020 (Week 5)","Washington, D.C.",-0.052512915
"Jan 27, 2020 to Feb 2, 2020 (Week 5)",South Dakota,0.039482806
"Jan 27, 2020 to Feb 2, 2020 (Week 5)",Texas,-0.000951619
"Jan 27, 2020 to Feb 2, 2020 (Week 5)",Utah,0.032869979
"Jan 27, 2020 to Feb 2, 2020 (Week 5)",Washington,0.015178629
"Jan 27, 2020 to Feb 2, 2020 (Week 5)",Tennessee,0.053650188
"Jan 27, 2020 to Feb 2, 2020 (Week 5)",Virginia,0.124047169
"Feb 3, 2020 to Feb 9, 2020 (Week 6)",Virginia,0.118010264
"Feb 3, 2020 to Feb 9, 2020 (Week 6)",Tennessee,0.024125592
"Feb 3, 2020 to Feb 9, 2020 (Week 6)",Wisconsin,0.069530437
"Feb 3, 2020 to Feb 9, 2020 (Week 6)",West Virginia,0.098478069
"Feb 3, 2020 to Feb 9, 2020 (Week 6)",South Dakota,0.065338686
"Feb 3, 2020 to Feb 9, 2020 (Week 6)",Vermont,0.055495694
"Feb 3, 2020 to Feb 9, 2020 (Week 6)",Texas,0.039788826
"Feb 3, 2020 to Feb 9, 2020 (Week 6)","Washington, D.C.",-0.19634255
"Feb 3, 2020 to Feb 9, 2020 (Week 6)",Utah,0.069172747
"Feb 3, 2020 to Feb 9, 2020 (Week 6)",Washington,0.062382553
"Feb 10, 2020 to Feb 16, 2020 (Week 7)",Utah,-0.013921904
"Feb 10, 2020 to Feb 16, 2020 (Week 7)",Tennessee,-0.00280549
"Feb 10, 2020 to Feb 16, 2020 (Week 7)",Wisconsin,0.05040825
"Feb 10, 2020 to Feb 16, 2020 (Week 7)",Vermont,-0.072410745
"Feb 10, 2020 to Feb 16, 2020 (Week 7)",Texas,0.036500571
"Feb 10, 2020 to Feb 16, 2020 (Week 7)",West Virginia,-0.025453623
"Feb 10, 2020 to Feb 16, 2020 (Week 7)",South Dakota,0.054834932
"Feb 10, 2020 to Feb 16, 2020 (Week 7)","Washington, D.C.",-0.401132411
"Feb 10, 2020 to Feb 16, 2020 (Week 7)",Washington,0.057042228
"Feb 10, 2020 to Feb 16, 2020 (Week 7)",Virginia,0.074760339
"Feb 17, 2020 to Feb 23, 2020 (Week 8)",Texas,-0.045684293
"Feb 17, 2020 to Feb 23, 2020 (Week 8)",Vermont,-0.072720341
"Feb 17, 2020 to Feb 23, 2020 (Week 8)",Wisconsin,0.003055507
"Feb 17, 2020 to Feb 23, 2020 (Week 8)",Virginia,0.042864185
"Feb 17, 2020 to Feb 23, 2020 (Week 8)",Washington,-0.051967935
"Feb 17, 2020 to Feb 23, 2020 (Week 8)",Utah,-0.044282885
"Feb 17, 2020 to Feb 23, 2020 (Week 8)",South Dakota,-0.119385396
"Feb 17, 2020 to Feb 23, 2020 (Week 8)",West Virginia,-0.021611002
"Feb 17, 2020 to Feb 23, 2020 (Week 8)",Tennessee,-0.0613095
"Feb 17, 2020 to Feb 23, 2020 (Week 8)","Washington, D.C.",-0.41186232
"Feb 24, 2020 to Mar 1, 2020 (Week 9)",Wisconsin,0.000971399
"Feb 24, 2020 to Mar 1, 2020 (Week 9)",Tennessee,-0.034958375
"Feb 24, 2020 to Mar 1, 2020 (Week 9)",Utah,-0.059037702
"Feb 24, 2020 to Mar 1, 2020 (Week 9)",Virginia,0.028045092
"Feb 24, 2020 to Mar 1, 2020 (Week 9)","Washington, D.C.",-0.373240037
"Feb 24, 2020 to Mar 1, 2020 (Week 9)",Washington,-0.126954337
"Feb 24, 2020 to Mar 1, 2020 (Week 9)",Vermont,-0.098254224
"Feb 24, 2020 to Mar 1, 2020 (Week 9)",South Dakota,-0.124524513
"Feb 24, 2020 to Mar 1, 2020 (Week 9)",Texas,-0.067038103
"Feb 24, 2020 to Mar 1, 2020 (Week 9)",West Virginia,-0.053509635
"Mar 2, 2020 to Mar 8, 2020 (Week 10)",West Virginia,-0.195293372
"Mar 2, 2020 to Mar 8, 2020 (Week 10)",South Dakota,-0.228920553
"Mar 2, 2020 to Mar 8, 2020 (Week 10)",Washington,-0.343554978
"Mar 2, 2020 to Mar 8, 2020 (Week 10)",Texas,-0.135496169
"Mar 2, 2020 to Mar 8, 2020 (Week 10)",Tennessee,-0.155119224
"Mar 2, 2020 to Mar 8, 2020 (Week 10)",Utah,-0.219909942
"Mar 2, 2020 to Mar 8, 2020 (Week 10)",Vermont,-0.201891089
"Mar 2, 2020 to Mar 8, 2020 (Week 10)",Virginia,-0.092071014
"Mar 2, 2020 to Mar 8, 2020 (Week 10)",Wisconsin,-0.122975683
"Mar 2, 2020 to Mar 8, 2020 (Week 10)","Washington, D.C.",-0.443197328
"Mar 9, 2020 to Mar 15, 2020 (Week 11)","Washington, D.C.",-0.565859786
"Mar 9, 2020 to Mar 15, 2020 (Week 11)",Wisconsin,-0.443429926
"Mar 9, 2020 to Mar 15, 2020 (Week 11)",Virginia,-0.420870735
"Mar 9, 2020 to Mar 15, 2020 (Week 11)",South Dakota,-0.408972401
"Mar 9, 2020 to Mar 15, 2020 (Week 11)",Vermont,-0.548961616
"Mar 9, 2020 to Mar 15, 2020 (Week 11)",Washington,-0.589910429
"Mar 9, 2020 to Mar 15, 2020 (Week 11)",West Virginia,-0.576225453
"Mar 9, 2020 to Mar 15, 2020 (Week 11)",Utah,-0.577196904
"Mar 9, 2020 to Mar 15, 2020 (Week 11)",Texas,-0.340493565
"Mar 9, 2020 to Mar 15, 2020 (Week 11)",Tennessee,-0.460977487
"Mar 16, 2020 to Mar 22, 2020 (Week 12)",South Dakota,-0.817145335
"Mar 16, 2020 to Mar 22, 2020 (Week 12)",Texas,-0.832262538
"Mar 16, 2020 to Mar 22, 2020 (Week 12)",Tennessee,-0.981385736
"Mar 16, 2020 to Mar 22, 2020 (Week 12)",Vermont,-1.047992934
"Mar 16, 2020 to Mar 22, 2020 (Week 12)",Washington,-0.964971283
"Mar 16, 2020 to Mar 22, 2020 (Week 12)",Utah,-1.072606004
"Mar 16, 2020 to Mar 22, 2020 (Week 12)",Virginia,-0.846887474
"Mar 16, 2020 to Mar 22, 2020 (Week 12)",West Virginia,-1.026535239
"Mar 16, 2020 to Mar 22, 2020 (Week 12)","Washington, D.C.",-1.024933887
"Mar 16, 2020 to Mar 22, 2020 (Week 12)",Wisconsin,-0.923646148
"Mar 23, 2020 to Mar 29, 2020 (Week 13)","Washington, D.C.",-1.085987956
"Mar 23, 2020 to Mar 29, 2020 (Week 13)",Virginia,-0.910229453
"Mar 23, 2020 to Mar 29, 2020 (Week 13)",South Dakota,-0.881744912
"Mar 23, 2020 to Mar 29, 2020 (Week 13)",Utah,-1.140996341
"Mar 23, 2020 to Mar 29, 2020 (Week 13)",Vermont,-1.11444598
"Mar 23, 2020 to Mar 29, 2020 (Week 13)",Tennessee,-1.055538573
"Mar 23, 2020 to Mar 29, 2020 (Week 13)",Wisconsin,-0.98862671
"Mar 23, 2020 to Mar 29, 2020 (Week 13)",Texas,-0.907082588
"Mar 23, 2020 to Mar 29, 2020 (Week 13)",West Virginia,-1.084396014
"Mar 23, 2020 to Mar 29, 2020 (Week 13)",Washington,-1.020791046
"Mar 30, 2020 to Apr 5, 2020 (Week 14)",Tennessee,-1.031613342
"Mar 30, 2020 to Apr 5, 2020 (Week 14)",Texas,-0.900250785
"Mar 30, 2020 to Apr 5, 2020 (Week 14)",Washington,-0.998769569
"Mar 30, 2020 to Apr 5, 2020 (Week 14)",Utah,-1.152326345
"Mar 30, 2020 to Apr 5, 2020 (Week 14)",West Virginia,-1.093246881
"Mar 30, 2020 to Apr 5, 2020 (Week 14)","Washington, D.C.",-1.12330317
"Mar 30, 2020 to Apr 5, 2020 (Week 14)",South Dakota,-0.859761842
"Mar 30, 2020 to Apr 5, 2020 (Week 14)",Vermont,-1.121822792
"Mar 30, 2020 to Apr 5, 2020 (Week 14)",Virginia,-0.905189716
"Mar 30, 2020 to Apr 5, 2020 (Week 14)",Wisconsin,-0.981634775
"Apr 6, 2020 to Apr 12, 2020 (Week 15)",Virginia,-0.89524264
"Apr 6, 2020 to Apr 12, 2020 (Week 15)",Texas,-0.901509292
"Apr 6, 2020 to Apr 12, 2020 (Week 15)",South Dakota,-0.841527752
"Apr 6, 2020 to Apr 12, 2020 (Week 15)",Washington,-1.010779828
"Apr 6, 2020 to Apr 12, 2020 (Week 15)","Washington, D.C.",-1.119392813
"Apr 6, 2020 to Apr 12, 2020 (Week 15)",Tennessee,-1.021618127
"Apr 6, 2020 to Apr 12, 2020 (Week 15)",Wisconsin,-0.971288305
"Apr 6, 2020 to Apr 12, 2020 (Week 15)",Vermont,-1.112334889
"Apr 6, 2020 to Apr 12, 2020 (Week 15)",West Virginia,-1.078881235
"Apr 6, 2020 to Apr 12, 2020 (Week 15)",Utah,-1.13354416
"Apr 13, 2020 to Apr 19, 2020 (Week 16)",Utah,-1.099780696
"Apr 13, 2020 to Apr 19, 2020 (Week 16)","Washington, D.C.",-1.045525539
"Apr 13, 2020 to Apr 19, 2020 (Week 16)",South Dakota,-0.822681184
"Apr 13, 2020 to Apr 19, 2020 (Week 16)",Virginia,-0.869306105
"Apr 13, 2020 to Apr 19, 2020 (Week 16)",Vermont,-1.089261687
"Apr 13, 2020 to Apr 19, 2020 (Week 16)",West Virginia,-1.026990277
"Apr 13, 2020 to Apr 19, 2020 (Week 16)",Tennessee,-0.955907265
"Apr 13, 2020 to Apr 19, 2020 (Week 16)",Texas,-0.876049666
"Apr 13, 2020 to Apr 19, 2020 (Week 16)",Washington,-0.98265967
"Apr 13, 2020 to Apr 19, 2020 (Week 16)",Wisconsin,-0.934667732
"Apr 20, 2020 to Apr 26, 2020 (Week 17)","Washington, D.C.",-1.115596101
"Apr 20, 2020 to Apr 26, 2020 (Week 17)",Utah,-1.072050497
"Apr 20, 2020 to Apr 26, 2020 (Week 17)",West Virginia,-1.037847772
"Apr 20, 2020 to Apr 26, 2020 (Week 17)",Vermont,-1.081998545
"Apr 20, 2020 to Apr 26, 2020 (Week 17)",Virginia,-0.856158661
"Apr 20, 2020 to Apr 26, 2020 (Week 17)",Washington,-0.980673254
"Apr 20, 2020 to Apr 26, 2020 (Week 17)",Tennessee,-0.956876136
"Apr 20, 2020 to Apr 26, 2020 (Week 17)",Texas,-0.856786022
"Apr 20, 2020 to Apr 26, 2020 (Week 17)",Wisconsin,-0.942950548
"Apr 20, 2020 to Apr 26, 2020 (Week 17)",South Dakota,-0.810077621
"Apr 27, 2020 to May 3, 2020 (Week 18)",Vermont,-1.068792154
"Apr 27, 2020 to May 3, 2020 (Week 18)",Texas,-0.81609189
"Apr 27, 2020 to May 3, 2020 (Week 18)",Virginia,-0.839997495
"Apr 27, 2020 to May 3, 2020 (Week 18)",Washington,-0.972199505
"Apr 27, 2020 to May 3, 2020 (Week 18)",South Dakota,-0.777801893
"Apr 27, 2020 to May 3, 2020 (Week 18)",Tennessee,-0.913572548
"Apr 27, 2020 to May 3, 2020 (Week 18)",West Virginia,-1.024903018
"Apr 27, 2020 to May 3, 2020 (Week 18)",Wisconsin,-0.925209753
"Apr 27, 2020 to May 3, 2020 (Week 18)",Utah,-1.023990951
"Apr 27, 2020 to May 3, 2020 (Week 18)","Washington, D.C.",-1.117259131
"May 4, 2020 to May 10, 2020 (Week 19)",South Dakota,-0.718997325
"May 4, 2020 to May 10, 2020 (Week 19)",Washington,-0.942829002
"May 4, 2020 to May 10, 2020 (Week 19)",West Virginia,-0.994137139
"May 4, 2020 to May 10, 2020 (Week 19)",Wisconsin,-0.894874121
"May 4, 2020 to May 10, 2020 (Week 19)",Tennessee,-0.821760478
"May 4, 2020 to May 10, 2020 (Week 19)",Vermont,-1.024524742
"May 4, 2020 to May 10, 2020 (Week 19)",Texas,-0.762462195
"May 4, 2020 to May 10, 2020 (Week 19)",Virginia,-0.802761788
"May 4, 2020 to May 10, 2020 (Week 19)",Utah,-0.96797218
"May 4, 2020 to May 10, 2020 (Week 19)","Washington, D.C.",-1.13040674
"May 11, 2020 to May 17, 2020 (Week 20)",Utah,-0.951646883
"May 11, 2020 to May 17, 2020 (Week 20)",West Virginia,-0.978433298
"May 11, 2020 to May 17, 2020 (Week 20)",South Dakota,-0.714078441
"May 11, 2020 to May 17, 2020 (Week 20)",Tennessee,-0.772525817
"May 11, 2020 to May 17, 2020 (Week 20)",Vermont,-1.016920537
"May 11, 2020 to May 17, 2020 (Week 20)",Wisconsin,-0.879529806
"May 11, 2020 to May 17, 2020 (Week 20)",Washington,-0.887538977
"May 11, 2020 to May 17, 2020 (Week 20)",Texas,-0.74184121
"May 11, 2020 to May 17, 2020 (Week 20)",Virginia,-0.779904519
"May 11, 2020 to May 17, 2020 (Week 20)","Washington, D.C.",-1.144042802
"May 18, 2020 to May 24, 2020 (Week 21)",Virginia,-0.680084114
"May 18, 2020 to May 24, 2020 (Week 21)",South Dakota,-0.623264406
"May 18, 2020 to May 24, 2020 (Week 21)",West Virginia,-0.906731678
"May 18, 2020 to May 24, 2020 (Week 21)",Utah,-0.839629383
"May 18, 2020 to May 24, 2020 (Week 21)",Tennessee,-0.640883511
"May 18, 2020 to May 24, 2020 (Week 21)",Washington,-0.818377843
"May 18, 2020 to May 24, 2020 (Week 21)",Wisconsin,-0.786948969
"May 18, 2020 to May 24, 2020 (Week 21)",Vermont,-0.944640058
"May 18, 2020 to May 24, 2020 (Week 21)",Texas,-0.628865155
"May 18, 2020 to May 24, 2020 (Week 21)","Washington, D.C.",-1.08056549
"May 25, 2020 to May 31, 2020 (Week 22)",Texas,-0.573394982
"May 25, 2020 to May 31, 2020 (Week 22)",West Virginia,-0.84136343
"May 25, 2020 to May 31, 2020 (Week 22)",South Dakota,-0.583304167
"May 25, 2020 to May 31, 2020 (Week 22)","Washington, D.C.",-1.005497992
"May 25, 2020 to May 31, 2020 (Week 22)",Washington,-0.795829656
"May 25, 2020 to May 31, 2020 (Week 22)",Virginia,-0.640194596
"May 25, 2020 to May 31, 2020 (Week 22)",Wisconsin,-0.718273034
"May 25, 2020 to May 31, 2020 (Week 22)",Utah,-0.774464183
"May 25, 2020 to May 31, 2020 (Week 22)",Vermont,-0.884139186
"May 25, 2020 to May 31, 2020 (Week 22)",Tennessee,-0.566553028
"Jun 1, 2020 to Jun 7, 2020 (Week 23)","Washington, D.C.",-1.036604765
"Jun 1, 2020 to Jun 7, 2020 (Week 23)",Utah,-0.705268351
"Jun 1, 2020 to Jun 7, 2020 (Week 23)",Vermont,-0.749884305
"Jun 1, 2020 to Jun 7, 2020 (Week 23)",Washington,-0.749839702
"Jun 1, 2020 to Jun 7, 2020 (Week 23)",West Virginia,-0.704384516
"Jun 1, 2020 to Jun 7, 2020 (Week 23)",Texas,-0.565898422
"Jun 1, 2020 to Jun 7, 2020 (Week 23)",South Dakota,-0.590747007
"Jun 1, 2020 to Jun 7, 2020 (Week 23)",Virginia,-0.526794317
"Jun 1, 2020 to Jun 7, 2020 (Week 23)",Tennessee,-0.600041917
"Jun 1, 2020 to Jun 7, 2020 (Week 23)",Wisconsin,-0.652071099
"Jun 8, 2020 to Jun 14, 2020 (Week 24)",South Dakota,-0.486121733
"Jun 8, 2020 to Jun 14, 2020 (Week 24)",Texas,-0.420908554
"Jun 8, 2020 to Jun 14, 2020 (Week 24)",Wisconsin,-0.493222349
"Jun 8, 2020 to Jun 14, 2020 (Week 24)",Utah,-0.525293775
"Jun 8, 2020 to Jun 14, 2020 (Week 24)","Washington, D.C.",-0.966545242
"Jun 8, 2020 to Jun 14, 2020 (Week 24)",Tennessee,-0.41639261
"Jun 8, 2020 to Jun 14, 2020 (Week 24)",West Virginia,-0.553581465
"Jun 8, 2020 to Jun 14, 2020 (Week 24)",Virginia,-0.379260444
"Jun 8, 2020 to Jun 14, 2020 (Week 24)",Washington,-0.615897494
"Jun 8, 2020 to Jun 14, 2020 (Week 24)",Vermont,-0.579531487
"Jun 15, 2020 to Jun 21, 2020 (Week 25)",Wisconsin,-0.598857358
"Jun 15, 2020 to Jun 21, 2020 (Week 25)","Washington, D.C.",-1.030715183
"Jun 15, 2020 to Jun 21, 2020 (Week 25)",Vermont,-0.658086021
"Jun 15, 2020 to Jun 21, 2020 (Week 25)",Virginia,-0.520019935
"Jun 15, 2020 to Jun 21, 2020 (Week 25)",West Virginia,-0.651340931
"Jun 15, 2020 to Jun 21, 2020 (Week 25)",Washington,-0.70800844
"Jun 15, 2020 to Jun 21, 2020 (Week 25)",South Dakota,-0.580786166
"Jun 15, 2020 to Jun 21, 2020 (Week 25)",Utah,-0.624218416
"Jun 15, 2020 to Jun 21, 2020 (Week 25)",Tennessee,-0.524576695
"Jun 15, 2020 to Jun 21, 2020 (Week 25)",Texas,-0.562366326
"Jun 22, 2020 to Jun 28, 2020 (Week 26)",Utah,-0.530096909
"Jun 22, 2020 to Jun 28, 2020 (Week 26)","Washington, D.C.",-1.101003673
"Jun 22, 2020 to Jun 28, 2020 (Week 26)",South Dakota,-0.523162236
"Jun 22, 2020 to Jun 28, 2020 (Week 26)",Vermont,-0.50224072
"Jun 22, 2020 to Jun 28, 2020 (Week 26)",Texas,-0.571979984
"Jun 22, 2020 to Jun 28, 2020 (Week 26)",Tennessee,-0.485083623
"Jun 22, 2020 to Jun 28, 2020 (Week 26)",West Virginia,-0.577451328
"Jun 22, 2020 to Jun 28, 2020 (Week 26)",Wisconsin,-0.489090035
"Jun 22, 2020 to Jun 28, 2020 (Week 26)",Virginia,-0.43156285
"Jun 22, 2020 to Jun 28, 2020 (Week 26)",Washington,-0.63471333
"Jun 29, 2020 to Jul 5, 2020 (Week 27)","Washington, D.C.",-1.236726086
"Jun 29, 2020 to Jul 5, 2020 (Week 27)",West Virginia,-0.785412849
"Jun 29, 2020 to Jul 5, 2020 (Week 27)",Tennessee,-0.696323979
"Jun 29, 2020 to Jul 5, 2020 (Week 27)",Wisconsin,-0.625584492
"Jun 29, 2020 to Jul 5, 2020 (Week 27)",South Dakota,-0.625367894
"Jun 29, 2020 to Jul 5, 2020 (Week 27)",Texas,-0.672865482
"Jun 29, 2020 to Jul 5, 2020 (Week 27)",Virginia,-0.549463979
"Jun 29, 2020 to Jul 5, 2020 (Week 27)",Vermont,-0.71086984
"Jun 29, 2020 to Jul 5, 2020 (Week 27)",Washington,-0.743321293
"Jun 29, 2020 to Jul 5, 2020 (Week 27)",Utah,-0.760224771
"Jan 6, 2020 to Jan 12, 2020 (Week 2)",Wyoming,0.00738665
"Jan 13, 2020 to Jan 19, 2020 (Week 3)",Wyoming,0.056775425
"Jan 20, 2020 to Jan 26, 2020 (Week 4)",Wyoming,0.10387806
"Jan 27, 2020 to Feb 2, 2020 (Week 5)",Wyoming,0.012128282
"Feb 3, 2020 to Feb 9, 2020 (Week 6)",Wyoming,0.134746098
"Feb 10, 2020 to Feb 16, 2020 (Week 7)",Wyoming,0.084363982
"Feb 17, 2020 to Feb 23, 2020 (Week 8)",Wyoming,0.001110958
"Feb 24, 2020 to Mar 1, 2020 (Week 9)",Wyoming,-0.082005261
"Mar 2, 2020 to Mar 8, 2020 (Week 10)",Wyoming,-0.162546003
"Mar 9, 2020 to Mar 15, 2020 (Week 11)",Wyoming,-0.327516594
"Mar 16, 2020 to Mar 22, 2020 (Week 12)",Wyoming,-0.688102405
"Mar 23, 2020 to Mar 29, 2020 (Week 13)",Wyoming,-0.725854536
"Mar 30, 2020 to Apr 5, 2020 (Week 14)",Wyoming,-0.691434759
"Apr 6, 2020 to Apr 12, 2020 (Week 15)",Wyoming,-0.674390816
"Apr 13, 2020 to Apr 19, 2020 (Week 16)",Wyoming,-0.702311907
"Apr 20, 2020 to Apr 26, 2020 (Week 17)",Wyoming,-0.679197135
"Apr 27, 2020 to May 3, 2020 (Week 18)",Wyoming,-0.679768454
"May 4, 2020 to May 10, 2020 (Week 19)",Wyoming,-0.637195496
"May 11, 2020 to May 17, 2020 (Week 20)",Wyoming,-0.606963471
"May 18, 2020 to May 24, 2020 (Week 21)",Wyoming,-0.545070248
"May 25, 2020 to May 31, 2020 (Week 22)",Wyoming,-0.526780927
"Jun 1, 2020 to Jun 7, 2020 (Week 23)",Wyoming,-0.52446437
"Jun 8, 2020 to Jun 14, 2020 (Week 24)",Wyoming,-0.410429294
"Jun 15, 2020 to Jun 21, 2020 (Week 25)",Wyoming,-0.449935141
"Jun 22, 2020 to Jun 28, 2020 (Week 26)",Wyoming,-0.474321827
"Jun 29, 2020 to Jul 5, 2020 (Week 27)",Wyoming,-0.51428781
